2768	jpg	627431	4934635273f6e4f612819940a53e8df8	50.蔻诺 (1).jpg
2824	pdf	148960447	8f03ccf162dcde0af6710015d80368a9	KRNOQYUE（俏小喵品牌）价目表（25.9月更）.pdf
2825	pdf	21210074	c0d89080bfb8535369421e681f2f5f4d	娇薇诗 价目表（26.2月）.pdf
2826	pdf	17059446	4f66d67e83bb9ee22d1dcccb19018db0	清颜 价目表（26.2月）.pdf
2827	pdf	1882765	859309ef3f82dbe4ac120d360215ad56	苏蜜雅 价目表（26.1月）.pdf
2828	pdf	21942024	ca114c1526301abeb93aa51edf27cd5b	蔻诺 价目表（26.2月）.pdf
2830	pdf	5813684	53b22319550dd38cc2e3f5ef3a65f80a	圣痘士三件套产品说明.pdf
2864	png	57165	279a79b6d607948521300c1f459e6822	KRNOBQUE.png
2866	png	43145	4c3a3d5059078ebf7965de45e3bba171	华世王镞 蓝色.png
2867	png	107886	8574cfd9572acd3ac9c39cbf1e98970d	华世王镞满屏斜水印（蓝色）.png
2868	png	69349	27e2e237e8c12d98c61d6cced1c42824	娇薇诗.png
2869	png	62253	8e1a8ad52b8319f9a13cfa19ec440bf6	苏蜜雅.png
2871	png	1816484	206a53e53e73a52b47eb0303e7c89e80	为什么你的脸爱长痘？.png
2872	png	2266266	912c50e0fd996049415c8ce67256b51b	为什么冬季要补水？.png
2873	png	2218006	f4ab495488216f496e40003d564c40e5	为什么要用面霜.png
2874	png	1675495	d80c9602d6eee882e348947ee60386a1	什么是“三相”衰老.png
2875	png	2421098	d6e88ed205f3abaadf0ef3979a2260b2	你必须知道的洁肤小常识.png
2876	png	2028430	c98082bc9859194f9fefc5277ca375d4	你是不是正确防晒？.png
2877	png	2210627	9ff7bce7a70a8737eb0600df58af3fb2	你的油敏肌是怎么形成的.png
2878	png	1779282	92e4a7722bc3933887e90ea694426499	做好以下几条、皮肤白一个度.png
2879	png	2097468	e09a51f494dc5ac816b37dc4335de2fa	入春食疗推荐：从而而外调节肌肤.png
2880	png	2103202	94b4893ea22aa1e62eb50b2c4ab40be5	屏障受损的修护顺序.png
2881	png	1088551	0af362c12931a9a725493e7664b941be	带你认识一些美白大佬 (2).png
2882	png	1821757	8c2ebf70c4dbfc09b4b96f28aad620d0	带你认识一些美白大佬.png
2883	png	1989812	dce6c5b724039005bd4bf507cd07a7a5	我们为什么会变黑.png
2884	png	1646582	d7cba70bfac634138007e3ce0c2519ca	护肤品不吸收的原因.png
2885	png	1728522	91fb52e9e768d242f74abf8bd63e76f0	敏感肌护理指南.png
2886	png	2371598	5004e0641684c6d9e30168fa4437d27d	有助于解决皮肤问题的常见食物.png
2887	png	2254709	294f5b2e110bc13562b7d170e05e3f85	湿敷有什么好处.png
2888	png	2105057	b39107ce11075b150ad407869c4a177e	湿敷用什么水.png
2889	png	2057757	80630b566e99988240760bf533082ad0	痘痘久去不复的4个好习惯.png
2890	png	1773883	733b3b33c0beec42e49bb4db17930dcf	痘痘的护理原则.png
2891	png	1807656	a4d3a5ec872d3913eccdae24e21281f9	皮肤越来越好的好习惯1.0.png
2892	png	1726207	7109890c8b30812e80d3cbcd897a2617	皮肤越来越好的好习惯2.0.png
2893	png	1978284	4a879725b29e42fea1182ad28a4c8943	皮肤越来越好的好习惯3.0.png
2894	png	1431701	69462b5889979c95f38534fcde594aee	看看你是不是在无效护肤.png
2895	png	1471389	179587078d9c8da627f23c08108652ac	胶原蛋白开始流失的信号？.png
2896	png	1699250	66aa327bfea612e8dc68264a314cdd72	脸部细胞怎么保养.png
2897	png	1886505	51b9b0e36140a298e54c88e0c7210d8d	调肤的4个阶段.png
2898	png	2697488	6de85eef8bfa389b57a8081c6c846fa0	1分钟读懂皮肤松弛.png
2899	png	2921575	92713bededf0d16be25b640bf0f9a4c8	三个不花钱的美白淡斑小技巧.png
2900	png	2796627	6fb20e636d3e34cde8b241bbe97b6558	三步教你判断自己是干皮还是油皮.png
2901	png	2588063	0bd4a2be69d17513d5adf2a8efbf0e96	不同位置长闭口的原因.png
2902	png	2637035	5ea53e2150b520becc3a8a5dc6e5c1e2	为什么你的脸爱长痘痘.png
2903	png	3073995	324237c28f6d40ce52668ba6f6521e28	为什么要适当做好深层清洁.png
2904	png	3018651	df03bfdf79dfc84c15025d86e85f7f1f	什么叫“三补两抗”？.png
2905	png	2767097	3c9e67902cd4c86580afc84d9305339a	什么样的痘痘不能挤？.png
2906	png	2701435	49640d7cc4d1b42ce56679f65b1a4b7f	你的痘痘挤出来是什么东西？.png
2907	png	2713170	813777e7c0e8303111a1db1299799556	你的皮肤是几级缺水.png
2908	png	2811898	ec9b18170aed95ec0e1c1b36c34d9f23	冬敏肌的肌肤修护思路.png
2909	png	2632290	814366511ba3d242b969f896c6dae3de	出现春敏的原因有哪些.png
2910	png	3215996	ee2adb874cc88496656909630a203901	哪些宵夜越吃越漂亮.png
2911	png	3038517	572c7706d747793fe7a3697f9bf3768d	如何判断皮肤需要深层清洁.png
2912	png	3002379	df9211f2996b57a01029ff4ed5900383	如何有效解决皮肤缺水.png
2913	png	2547993	70325186428d2a64b3a8cc0b7d0e2822	干敏肌不正确的护肤方式.png
2914	png	2700607	d188766d845cce0afb0bec53f43877b9	护肤与调肤的区别？.png
2915	png	2645396	85239bc52330df7f37122bb8662c6969	日常抗炎自救攻略.png
2916	png	2409939	5f79b7db1a04ab3b0d202a355847deaf	春夏换季护肤4不要.png
2917	png	2888630	e63af5ec63d007a446592827aede5f6c	春敏急救小技巧.png
2918	png	2479193	d8dc4cd6b2cc100071d51f8a7dbcd9df	春敏的皮肤表现.png
2919	png	2733555	34fdf95fb608e7a3892c7bb9690f88a7	淡斑要经历哪三步？.png
2920	png	2864971	6e47e23e84a72d8fdd6f76f7f78e6fd1	皮肤松弛的原因.png
2921	png	3067109	032a04db8670d6af49d9dcccbdfcf6a5	皮肤缺水的表现有哪些.png
2922	png	2415682	fe21dccaa9032abf649a65ef45a42650	皮脂膜的作用了解一下.png
2923	png	3123724	a52313fb8e839a5ac9a3f3b8bab14247	色斑是怎么形成的.png
2924	png	3469189	e2147f6b953cd9ff6167beba97a07d04	让皮肤白白嫩嫩的6种黑食物.png
2925	png	2451634	ae7036c67b3889b14dc345f9d282334f	适合冬季的护肤成分有哪些？.png
2926	png	3214605	f8447116f34d34fe1aaa1cd704b6ac0f	预防春敏小技巧.png
2927	png	3833332	6784d668b10eb52df52f78e2cdf6f6e0	为什么 毛孔粗大总是断不了根.png
2928	png	3666713	0b5c26c4db57acf42b39c2298a43f2f4	为什么冬季还需要防晒.png
2929	png	3628379	5cabf05fe134d35f9e22bebb096b1ec4	为什么秋冬需要做抗老.png
2930	png	4824508	ffc5f55133b1f5dddb59f506285c6248	为什冬季皮肤会干燥、起皮、泛红.png
2931	png	4167251	a75866366e52fc2cd8ac297a72faf10b	什么是油敏肌.png
2932	png	4408834	7eaefb0186a6548b97749018e88c727e	什么是深层清洁.png
2933	png	2702291	bd7436c0aba185f2262b7c814cc18b14	什么是白头粉刺.png
2934	png	2677865	9c890fbeb8bf579d72a27f9363a53895	什么是皮肤新陈代谢.png
2935	png	4432056	e9dd1b3b782a875797619fcec4dc6ee0	什么是皮肤的“通透感”.png
2936	png	2854953	cb9a6a6127ff870ab1ce0a39052330bd	什么是肌肤氧化.png
2937	png	3970784	7b9e933e45b0a90411301fb37c576fc8	什么是黑头粉刺.png
2938	png	2559773	d995b2316ce683a1c258abdab3184124	什么样的面霜更适合晚上用.png
2939	png	4086577	82dfc5f6e6e57c6d6913c1ca08a9668b	今日修护成分科普——洋甘菊.png
2940	png	6158229	b81eee731d39eaef0e3f711fe2ece6d9	你以为防晒只是夏天的事情？.png
2941	png	3669171	03184b63405c46c79c87bb9c6ea98ede	你会在妆前敷面膜吗？.png
2942	png	4477745	2d3f1bdb147f1ead040db2bd2afecd85	再差的皮肤也一定可以变好.png
2943	png	4316923	3f64d110520a2ccac51a3bba54aea94e	冬季到底用冷水洗脸还是热水洗脸.png
2944	png	3560123	0009e22f4234b1b50c4fe510b2464fd4	吃辣椒到底会不会致痘.png
2945	png	4798615	dc1871a156232baee9800b98b0c39ff4	吃酱油会让皮肤变黑吗？.png
2946	png	2606655	6c1e071390113c7fa3330a10f7a84419	同样的产品别人用有效，而你用没效？.png
2947	png	3889801	6381117cdfeb9548e5d56547670bfb1f	告别肌肤“春季综合症”之干燥起皮.png
2948	png	4138677	e5f6a9fc10fe06455937ba73d8d512f1	告别肌肤“春季综合症”之皮肤暗沉.png
2949	png	5973767	e0340c28f93ff73c63c2b645157d8540	告别肌肤“春季综合症”之过油爆痘.png
2950	png	3018413	6ff4a27b57794931b5d5d17fef65105c	喝牛奶会致痘吗.png
2951	png	4737772	60d66ce3b09086623735e41117bf1f81	如何提升皮肤新陈代谢速度.png
2952	png	4402341	425f1da9255c6ba56d930dcbae33255c	如何有效使用补水喷雾.png
2953	png	2407006	b76451b87646430ea2b0d99c20f4b3ac	将护肤品分装会影响效果吗.png
2954	png	3648602	4eaf2d7d7eb44ed715f9a4dc4cbe4a41	带你了解肌肤第一道天然屏障：皮脂膜.png
2955	png	5219640	6f0b0e17ab135def637dd4f71fa79d75	带你了解黄褐斑.png
2956	png	5556649	def26e4185915e7a8bcd6916be61139b	带你认识常见肌肤问题——出油.png
2957	png	3117181	77f7341a9c5f7269367c826fa8a245da	带你认识水杨酸.png
2958	png	5725480	659d3c797c49d8750d6649bd0c40438f	护肤金字塔的顶尖位置是谁.png
2959	png	3744307	2a6b0b82ea1a7856588509aeabdd2a2c	新陈代谢对皮肤的影响.png
2960	png	4921322	393438547bc5eed29486518c6fe878f6	春敏=过敏？.png
2961	png	3392182	120004db10437f2a1d0b0c9fce876986	春敏期即将到来！什么是春敏？.png
2962	png	3268717	7d94922c1087a347f4b3c246e688e6a9	油痘肌如何控制不长痘.png
2963	png	4673191	6becddc4c5d137a06c09378277699dc4	物理防晒好，还是化学防晒好.png
2964	png	3949382	074fecb493ce998e19c57fb459fb110e	皮肤代谢周期并非一成不变.png
2965	png	4685157	19705b92e3c5631bfdf05524f01c54b4	皮肤有生物钟吗？.png
2966	png	4094877	0d9e4cc0a898b2afdf60805f6b5f514a	让你越吃越黑的食物：光敏性食物.png
2967	png	3162134	8c207a3f5176c32f3359edff4af2568d	长腮边痘跟什么有关.png
2968	png	6465086	f42eec2962eb80958e81111cec37621f	黄褐斑的形成原因有哪些.png
2969	png	1191198	bab5c38c66608b35b05b280c1e16e3fd	1.想祛斑 先识斑.png
2970	png	1385486	a0b6322d356c2c94635a202de436d299	2.黄褐斑.png
2971	png	1388024	d4d61bb5793326783fc206950ee7d789	3.老年斑.png
2972	png	1416073	6f937f96a87d43512b84c9bba3dba639	4.雀斑.png
2973	png	1328905	791b13ed703cf675e55e83d5fff75238	5.深层斑.png
2974	png	1546276	4318def08ea9f021b6af18eb4b2eb3be	6.真皮斑.png
2975	png	8856893	ee5f2dc19b5e9e3fc290e7fd216b29f7	华世王镞专利.png
2976	png	6794280	c6168a20cca6c29db90ad7d1a2ca940a	科普10.使用产品后干燥紧绷微痒=产品有问题？.png
2977	png	10233196	4225cdb83df069b6fd1932df9df654fa	科普11：你为什么会长斑.png
2978	png	8178141	bba4a2247a9b407a927aba2abe4ac6f9	科普12：调肤期间脸上的斑“时深时浅”.png
2979	png	4014050	ca084ed5ea865566efc5649b36ea3ae5	科普13：斑淡了但没完全消失？.png
2980	png	7514775	99484b0af41dcf1a449866ab05c36dea	科普14：一停用就变黑，产品是不是含激素.png
2981	png	4820004	8312632c516340e7f018083cdc8a35af	科普15：用了祛斑精华后狂长痘，是产品太油吗？.png
2982	png	5774404	a6cce76cae130557ff007b067a0eb743	科普1：为什么祛斑后斑还在长.png
2983	png	11521968	9e4bde80ebaf42847301ffc65ec6df9d	科普2：为什么女性更容易长斑.png
2984	png	4830242	878bb419af16d1dcce7419a4ba6927c1	科普3：美白≠祛斑.png
2985	png	4066326	6c733937b7dfa242cd1d0cefe049252e	科普4：为什么有的淡斑产品涂了也没效果.png
2986	png	6784866	c7e2f7f1512f06a9ec82f82f8e86f83c	科普5：祛斑后会重新长出来吗？.png
2987	png	5455158	a06251178e047b3a5ccc1fa586e4585e	科普6：怎么防止斑越来越多.png
2988	png	4563474	304de318693e59d9bffd855d733f7bdc	科普7：为什么祛斑要早点做1？.png
2989	png	5995738	68eda78ed9e637505d532c1b6747c08b	科普8：为什么祛斑要早点做2？.png
2990	png	9024595	1309834cca82701e4867833c6c684c0b	科普9：祛斑四大禁忌！.png
3055	jpg	192522	92d5439a7e9fa919d0b344f524838a05	微信图片_20260612111946_43_28.jpg
3056	jpg	147910	0a16677968064d451bfd76b1f017b281	微信图片_20260612111946_44_28.jpg
3057	jpg	191698	42982006ca1dcce098257f69449bde6a	微信图片_20260612111947_45_28.jpg
3058	jpg	189622	c677a219f9e56a94e326be3ab5da029a	微信图片_20260612111948_46_28.jpg
3059	jpg	184707	1bfc5ca241f0b6d3e4aa1809c6920d1f	微信图片_20260612111949_47_28.jpg
3060	jpg	200230	48ea11e3c8091cd6586aaf04f717ec23	微信图片_20260612111949_48_28.jpg
3061	jpg	181055	0f10e520860a9ea03ea48910ffd1e9d2	微信图片_20260612111950_49_28.jpg
3062	jpg	180531	2e7283a58b9255c7814afc9990ae6c5f	微信图片_20260612112151_50_28.jpg
3063	jpg	88832	0981b4f7d635b8349966e40e8a2081e8	微信图片_20260612112333_51_28.jpg
3064	jpg	137531	5886db05c0594bf47698d13f963097f0	02444acdb447ffe47153bff75283edb9.jpg
3065	jpg	128946	3f12f3e48e6d9f261a199c26a64ace1f	110867b7552b7fbbcad760abe2b5ab60.jpg
3066	jpg	120961	d43879065153a761beb893022e43a7c9	207639a9163108bb73fb45c7829ff23b.jpg
3067	jpg	104306	7746338ec78c8130b3c2995b8d3ba0bb	368a75061a3c66b3d5cd876f143a4f14.jpg
3068	jpg	72963	c12080c9b6dd99f1582c491d39b2e04c	37d281d8c31c8ded6fd861c4593a687a.jpg
3069	jpg	164191	c9c3e9f6aa2d617c7f68a6b8fef08788	8481866f1c62acf29119c8ae7c12627d.jpg
3070	jpg	176105	1f83257dbf704671b424d210187ea0e8	b20036fa2f334001384c6bca0d9b740b.jpg
3071	jpg	171233	739c91b935cd73a97df15be1567d9488	c0afbe0846fb4e0125d3f00047f04202.jpg
3072	jpg	111391	5a5a9d9880026f87effc7814de790969	d1b3a63b1c8fef4a5b90b53e9b42024e.jpg
3073	jpg	124439	bf3a558a26c4e97713d5d74b3e9edf3b	dd88c004202ad98e1280bd978f3363b5.jpg
3074	jpg	470183	ae118d289d4eeceead29d42f1dc25a2a	093341c28d886215216bcbf9b564f209.jpg
3075	jpg	475955	aa5dea071175799be0d4f90f34795867	3fac9f5b625e391d1f837aa61420efe3.jpg
3076	jpg	654856	70821279d634a1bcaa5dce5979de7f9b	515df75eb6de80777f9aa937a221bbc3.jpg
3077	jpg	441350	46894982be779ade3c68afe74d053a5d	7741eb469e1aa33cca51c050d482299d.jpg
3078	jpg	485225	7380d552cae8ece99249fa1b0c0eb801	ace2390dce4172899f231a2c5a838f05.jpg
3079	jpg	669497	bd187603928242dbd8764866586d8343	b75292afc083e69cb9af0f7123e1edc2.jpg
3080	jpg	702211	d7a8736a5066ac33c9fe3d1caf441797	c914b6d945e9e0b6b81ee47d4741b82c.jpg
3081	jpg	262688	f3ce3e2ada04c77a3b93b01d6d7132f3	e2e4fb6b158e270f21788b242dcaa89c.jpg
3082	jpg	369900	25d74617d569cd31a3eabeb34b96262b	f0006df86f9ddb1349973de54196b3ef.jpg
3083	jpg	413980	8f89d97e342695df4ecd952b38c8e540	f051e781dd681d8847430c7b8dccca61.jpg
3084	jpg	3332836	4f5becafb40c7e9c3366fb54272580c0	微信图片_20260610223255_8378_15.jpg
3085	jpg	3296736	eafec32d4b36af29ca89b8dc3badbe42	微信图片_20260610223257_8380_15.jpg
3086	jpg	3915253	47a58fccc35b30e7a4af3a2d3270dd48	微信图片_20260610223302_8383_15.jpg
3087	jpg	3053604	6f183a7f8f2aa9949c2ff0510f2bd5c6	微信图片_20260610223305_8385_15.jpg
3088	jpg	3910690	441d764e0d3f3bf19ce5e345bf6ce611	微信图片_20260610223310_8388_15.jpg
3089	jpg	3586217	397cdeeaae8f28ca52f72b49b68fcf40	微信图片_20260610223312_8389_15.jpg
3090	jpg	3213323	9522f7d06ce55dbe9c4918219526869f	微信图片_20260610223318_8393_15.jpg
3091	jpg	2958646	c7693fddc8a4f33126d87dcb448b53b1	微信图片_20260610223319_8394_15.jpg
3092	jpg	3325060	32ba0d341c93b79f44a8a7f5474a63ab	微信图片_20260610223321_8395_15.jpg
3093	jpg	3154051	c4a41e6f589a6ca38c45084ee9413e87	微信图片_20260610223417_8398_15.jpg
3094	jpg	4047256	4b5952592d56090899a5657725cc618d	微信图片_20260610223420_8400_15.jpg
3095	jpg	3088547	9f52b2c6ca84f1eca505a2b4cefba18f	微信图片_20260610223428_8405_15.jpg
3096	jpg	3311089	4fc0b96b69ac54156281d6ab26c85b3f	微信图片_20260610223430_8406_15.jpg
3097	jpg	3304861	7c0cfbcd68736ddfc0f5aa176139a069	微信图片_20260610223438_8411_15.jpg
3098	jpg	3022015	a82fc4e362b80c05d813332c94dd5845	微信图片_20260610223442_8414_15.jpg
3099	jpg	3272131	3d54d2b55eeb2456d9ca3de0963a405a	微信图片_20260610223445_8416_15.jpg
3100	jpg	3485403	8a3e38f2ddcb2549c50b711428381477	微信图片_20260610223456_8423_15.jpg
3101	jpg	3884466	59ffbcf7b7a87de018812682aad86d5b	微信图片_20260610223508_8431_15.jpg
3102	jpg	3000597	52c7e7fd4b8edaa2aab0a25ec8106e43	微信图片_20260610223520_8439_15.jpg
3103	jpg	3051388	4a9c7e761dd01e96d7cd8de93071b4d8	微信图片_20260610223524_8442_15.jpg
3104	jpg	4001863	1e081ed094c1836bdcd38db15d4933ec	微信图片_20260610223529_8445_15.jpg
3105	jpg	4227002	b6fcbd668aae5b3aa3163730574cc180	微信图片_20260610223533_8448_15.jpg
3106	jpg	3054320	065ed4616c198fe366f4a9d2ef16b43a	微信图片_20260610223536_8450_15.jpg
3107	jpg	141634	4d51720d6f7ade035a9ac12a9f80327e	微信图片_20260612111209_68_57.jpg
3108	jpg	127615	8fa147dfa8083deb1c000a5a2f82bd54	微信图片_20260612111210_70_57.jpg
3109	jpg	164829	8c3b22f4868d6eb283af8c99a69988ae	微信图片_20260612170007_78_227.jpg
3110	jpg	152096	1d0f2ce04d3c38532235d82ede22801a	微信图片_20260612170008_79_227.jpg
3111	jpg	161948	c907f1e19b75d13d425fbad2a7743418	微信图片_20260612170009_80_227.jpg
3112	jpg	68719	0ab735794cc4604d2c3db045f8e8ffcb	微信图片_20260612170010_81_227.jpg
3113	jpg	119784	21497d292c025cafdcc5c7901a345150	微信图片_20260612170011_82_227.jpg
3114	jpg	140016	f58e076a7ae3c5e0a87507439f197f6b	微信图片_20260612170012_83_227.jpg
3115	jpg	126163	991d2e5c7ea9335560e2a2fec5666252	微信图片_20260612170013_84_227.jpg
3116	jpg	145980	7ff48724d10eff522c5993513ce00d79	微信图片_20260612170014_85_227.jpg
3117	jpg	209065	717dc3ecf8bd0b93675eb186ecf1eef4	微信图片_20260612170015_86_227.jpg
3118	jpg	159706	46d44de86083f71b643f3df3fd1e7edf	微信图片_20260612170016_87_227.jpg
3119	jpg	109812	0241ebbe80f754e07629841090eb580b	微信图片_20260612170017_88_227.jpg
3120	jpg	88772	f324327dc169a992d2091325366798dc	微信图片_20260612170018_89_227.jpg
3121	jpg	139991	d41c2961f9a444ea225355cc8257c335	微信图片_20260612170019_90_227.jpg
3122	jpg	159368	1436c9fb53450a7621199286e3b2d669	微信图片_20260612170020_91_227.jpg
3123	jpg	197820	42c8e39550f22081aaf387c83019a819	微信图片_20260612170020_92_227.jpg
3124	jpg	75277	7904152b4d8aba973690c1b43474b9fa	微信图片_20260612170021_93_227.jpg
3125	jpg	117003	e33e0bcf15826fb0a222e162429db05f	微信图片_20260612170022_94_227.jpg
3126	jpg	105058	242f5472123faf2f58b12911835632f3	微信图片_20260612170023_95_227.jpg
3127	jpg	164362	665ac0459388de83d5eaff8d252fce9d	微信图片_20260612170330_97_227.jpg
3128	jpg	137974	d7610da3a135d98e26146742c08c32c9	微信图片_20260612170418_98_227.jpg
3129	txt	770	10e921b52451bd7553040a9d5740d77c	文案.txt
3130	txt	776	9e28f4d89c5b53b67ecc242d2eddccf1	文案.txt
3131	txt	755	6fea0481cf3e0b0a652fc466f514413c	文案.txt
3132	txt	730	cf0f54e24eca34586a93b166ebdb54ee	文案.txt
3133	txt	729	229c2d9a5da3fda40d9915dfc790d25e	文案.txt
3135	txt	715	c445799426b2a708742cf4467d457fe5	文案.txt
3136	txt	817	ae5bb8d1be1601016570aab69539957b	文案.txt
3137	txt	730	a68ba9fb486aa1240f850c49b1fbb7e3	文案.txt
3138	txt	715	d7c5a1898fb512a13c59b5ac7eb992ee	文案.txt
3139	txt	796	b994f79b36ef50561738db6f53940b5d	文案.txt
3140	txt	709	709b999a8b1a7ce1785358a2d3a2c49e	文案.txt
3141	txt	815	577809d13a32a35d3898ddd2ddb7572b	文案.txt
3142	txt	753	c00f36259ef68e7bcea27194692cdd27	文案.txt
3144	txt	720	8123a4eca97acc9d30a070897eddcf11	文案.txt
3145	txt	698	570e0ca4770a1291cf155c70f33442a4	文案.txt
3147	txt	799	bd96275999c6b31c73baefab68cb6067	文案.txt
3148	txt	722	24ec2f1b688543f500a4c1bfb48ff859	文案.txt
3149	txt	752	9af386ff105de33a482a8974f459c2d4	文案.txt
3150	txt	757	da0859db98609725a5440fbacb34b015	文案.txt
3151	txt	701	34c280a3c306c0f99b62e45a104f2aeb	文案.txt
3152	txt	825	4cdcadab518d5681866b9772875967e9	文案.txt
3156	txt	757	f718ddef76fda8aa26cad9c3ec998a50	文案.txt
3157	txt	692	1163d5f32f8128af9e64ac14449fbb25	文案.txt
3158	txt	770	f8515cf220b2cebcc83f831569206077	文案.txt
3159	txt	712	43ccc24619e5c585d608fd6a394fbc82	文案.txt
3160	txt	751	f1682fc1ba930c537bd4558cfe222679	文案.txt
3161	txt	757	b055428468028a739d6eef31c26b44b5	文案.txt
3162	txt	796	01696e861d24c15ed0298d9b03b76337	文案.txt
3163	txt	697	bfd8b8d028063dbfc5e6eff0faab3c91	文案.txt
3164	txt	2926	04d973b636f0cc749a88fb3d336bdd9f	索引.txt
3196	pdf	37715902	f4833b7401edc21243c6c6d90099feff	蔻诺-25.09.13工厂价.pdf
3214	pdf	1159799	b5e1dcdcbc804c2226e6be84aae137c4	158183 KRNOBQUE妍采蕴颜精华液.pdf
3215	pdf	1159289	38ea8a70108f37de3e0da04bd22d48e3	158190 KRNOBQUE妍采蕴颜霜.pdf
3219	jpg	12120586	4d571c01cc034042f9adf28ada83a680	0745f91f8134bc98ad4687a0047a7a2.jpg
3220	jpg	12134190	572e9da014c8a18313d58fc2a8d89639	27e129af784a377b40e8d61b4c43237.jpg
3221	jpg	11521261	91d3bfd3ec01537ce3ac3c06c5b8689e	3c81fd084a210b887539e5b97f5bd47.jpg
3222	jpg	11563770	d69934a96b170bb602271057722cc1e2	4959aa4bfb49cf83fe55e3f1a33810a.jpg
3223	jpg	11184797	8ffb5cdad72bf5e7e9e0b5ee1c4cddb5	62ab79b55aa117ecfab6f661d6d7fd8.jpg
3224	jpg	11957183	2b3525f3028b79b8da2e9857d33654f3	7def41109ac27c24c5b8076163f8a2e.jpg
3225	jpg	12721370	546c341615ff037f985f465b5988d251	c11c691e45ff6d8357613d10af73c67.jpg
3229	png	25854597	9bc48377e5a1c4969d6ad2f1006cac34	蔻诺+cb.png
3230	png	24895114	9177e1189dd8e41ec98f4d0d329c24c0	蔻诺产品+jf效果.png
3231	png	21686976	74d93882fa107590dfed63beb3e5007b	蔻诺优势.png
3336	jpg	604069	c453f719259addcc2d1fde91620df3d5	50.蔻诺 (2).jpg
3337	jpg	603684	229d4fee9c1a24729b521f70da0df2b9	50.蔻诺 (3).jpg
3338	jpg	517202	00c2ac82167512a43a96e09ac970e80b	51.蔻诺+AU 2个月 (1).jpg
3339	jpg	496208	3b955e8f453327542c220c2db1f2ff45	51.蔻诺+AU 2个月 (2).jpg
3340	jpg	529028	646cdde238c4efcab7f52a204784fdff	51.蔻诺+AU 2个月 (3).jpg
3348	jpg	161362087	7f902f115e1e2b43b48aa495cf5e8e56	4.5x3.5-蔻诺对比图灯箱.jpg
3408	jpg	26878582	8cc5eb1e23b77f559d0883ce5f954bb9	圣痘士展架.jpg
3425	pdf	33460507	fd95e37509ba31c2f49ee771abc4df0f	娇薇诗-工厂价（9月更）.pdf
3536	jpg	683499	24c8f36fba93503d4c6e323d7c0857d2	20.娇薇诗-右边.jpg
3537	jpg	719171	6463c6207c8bbee3782c6e3c074f90ca	20.娇薇诗-左边.jpg
3538	jpg	721861	c04b24d98920dd0db5338624cf9b3206	20.娇薇诗-正面.jpg
3569	jpg	779482	ffd437f5d7b02c38521f27f7a3025522	4.娇薇诗-右.jpg
3570	jpg	761755	9a395e5cd2e59af3efff2c163ec0d063	4.娇薇诗-左.jpg
3571	jpg	766454	87b02134d02ba499705c743c97a47f66	4.娇薇诗-正.jpg
3589	jpg	78857068	30ed0f2d72c1db00220485d8eac55410	娇薇诗---cb-效果对比-展架.jpg
3590	jpg	81987399	4a0cc6d1f817c468c0e739bf3c63f3be	娇薇诗-jf-效果对比-展架.jpg
3591	png	17423283	183fdaa34ba4d1152bff18ed3388b45f	娇薇诗优势.png
3592	png	157242979	beff2439d2ada85e815860c4e99637e7	娇薇诗品牌介绍.png
3593	png	163733258	9a3c402ba0abe0f0e3bde6b2e28d1932	娇薇诗品牌优势.png
3661	pdf	544800372	d3eacfc67055741208fc7718bdc653ad	清颜 宣传册10.16-转曲制作.pdf
3662	pdf	63293558	e8e9937b7f47729a2b794ac32bd32528	清颜-2025.9.9工厂价.pdf
3763	jpg	281265	e14940888891796915405b5201ea6027	30.清颜 (1).jpg
3764	png	2016923	f20b5167a561aca0f042d734cbdd8982	30.清颜 (1).png
3765	png	1927735	0acde8e85e16019f15f33cbae8badeeb	30.清颜 (2).png
3766	jpg	878134	40d989e324d13bdc91849f26fd80e3b0	31.清颜+AU技术 (1).jpg
3767	jpg	904545	8ce33dc05e7bd2fe537c3bfdc621af12	31.清颜+AU技术 (2).jpg
3768	jpg	914836	9a71b291546a2c4ebc453c7c4074087d	31.清颜+AU技术 (3).jpg
3769	jpg	864400	6875c7a4d8532992bd757babb91815e7	32.清颜+CB (1).jpg
3770	jpg	901555	773a84cf98261cfe12e3efe601e8e248	32.清颜+CB (2).jpg
3771	jpg	847247	0c49f0db96a177a4f56a206d523b8ed5	32.清颜+CB (3).jpg
3787	jpg	89746523	b7fffa664116356d566b80717dc54556	清颜---CB-效果对比-展架.jpg
3788	jpg	93648479	81bebddaa6c0fa564937c4bead7c2311	清颜-效果对比-展架--JF.jpg
3791	jpg	171170092	4864570617e7695c3e682fab32d00968	白富美-大套-清颜2 cmyk.jpg
3793	jpg	164363482	3fc793e6052292e883878808d5cd4287	4.5x3.5-清颜对比图灯箱 .jpg
3794	jpg	137340631	11fd9c3a9f8fb52538752608f9872fbe	4.5x3.5-清颜白富美套盒灯箱 .jpg
4524	pdf	309824018	73b4934139ec5682befcda25c8a1f436	苏蜜雅 宣传册 10.16-转曲制作.pdf
4525	jpg	137340631	11fd9c3a9f8fb52538752608f9872fbe	4.5x3.5-清颜白富美套盒灯箱 .jpg
4526	jpg	140481252	8da23ec6f71e4152d7f34476fa80c6e0	4.5x3.5-苏蜜雅白富美套盒灯箱 .jpg
4527	jpg	140481252	8da23ec6f71e4152d7f34476fa80c6e0	4.5x3.5-苏蜜雅白富美套盒灯箱 .jpg
4528	jpg	161362087	7f902f115e1e2b43b48aa495cf5e8e56	4.5x3.5-蔻诺对比图灯箱.jpg
4529	jpg	164363482	3fc793e6052292e883878808d5cd4287	4.5x3.5-清颜对比图灯箱 .jpg
4530	jpg	171170092	4864570617e7695c3e682fab32d00968	白富美大套展架-清颜.jpg
4531	jpg	173183029	a88489fb8dc6d0641161b3e510ed91f3	4.5x3.5-苏蜜雅对比图灯箱.jpg
4532	jpg	173183029	a88489fb8dc6d0641161b3e510ed91f3	4.5x3.5-苏蜜雅对比图灯箱.jpg
9840	png	1150032	963542c9aec6bd82b32674ebdc220efb	image-gen_1783495904328_033a6acf_1.png
9841	jpg	3508395	3dad878822f3254925d414b71e35b40b	99999.jpg
9862	docx	36787	b1a04fe88487bdf9562dad3a8c43627a	2e30e046e1094b8b9188f5cab0da2fee.docx
10848	jpg	1739758	ac23fe34519738354f1e6a38584ee4b7	IMG_2420.jpg
10849	jpg	1789735	ec11f55a880febde835025521711a6ab	IMG_2421.jpg
10850	jpg	1525732	a7a55b1f914caa088c5f9fd9d16be3fb	IMG_2423.jpg
10944	jpg	367460	a46225c45cfce097c4a90b728f9a2322	2016.jpg
10947	jpg	2974742	4462fa0faf729cf3b535f8016b9efa83	新建文件夹IMG_2412.jpg
10948	jpg	2781678	03532899700a31173864d0202caa5767	新建文件夹IMG_2413.jpg
10949	jpg	3077770	06e97b009b03b46d49cf9e08ec92a517	新建文件夹IMG_2414.jpg
10950	jpg	1889141	9c374f40945d1b2599ca4183a774e43f	新建文件夹IMG_2415.jpg
10951	jpg	1953235	40b46cbbdb6eb984253dca5d83752388	新建文件夹IMG_2416.jpg
10952	jpg	1952785	f8e55cf038f5f0ac1a7c380343d5421e	新建文件夹IMG_2417.jpg
10953	jpg	2849834	c8edfadf01905f8940a800e2154eb051	新建文件夹IMG_2418.jpg
10954	jpg	2839351	97d0708048e37590dd265922167a0858	新建文件夹IMG_2419.jpg
11034	docx	74	2963a46ab5bc6d9c6e824e8e3a91b427	$IL9WRDW.docx
11035	docx	72	2b4827ada7f7c79e8d7f898fe97b312f	$IPRXDBZ.docx
11036	docx	14951	e61c413226a106361e66ff97ab6c63b0	$RL9WRDW.docx
11037	docx	15590	c6d49e71d735b196290630ba5aef1dfb	$RPRXDBZ.docx
11038	docx	15995	2f9b8d5bd2515c9ec1d889be2f45efe7	1_美容院执行手册.docx
11039	docx	26639	673a9222614237c0a8bb8ab4f99e34b6	2020最新全民关注疫情全民增加免疫力模式系统策划案.docx
11040	docx	808285	15594e203d38314576cee805e7d12cc6	2020最新拓客模式.docx
11041	doc	47616	6c5588cbc90f1098ba8396a48ac42d1f	2020源薇电话销售话术.doc
11042	docx	162	3d3cd847c60a257aca20f62163412ab5	~$全城招商会文案版.docx
11043	doc	162	53010b3862d8e37d1d85e9f840025edb	~$油惠，微信课堂.doc
11044	docx	16746	93e8caa264ca707fff9309a9908c6522	《果惠全城、客随果动》爱心招募协议.docx
11045	docx	25133	4d868644c5443dcfcdfe4504ccb44e9a	《果惠全城，客随果动》活动合同.docx
11046	docx	12939	696b7a2ec0326cd2c79dc2f51eb5e49a	代理商年战略合作方案.docx
11047	docx	16095	b37262866ede9b917fa925fe5112a038	代理商沟通话术.docx
11048	docx	13204	e862bdb305c80efb9d6f4056ff62c5a3	代理商线下招商流程板块.docx
11049	docx	17533	7872512bfee01713630655c25cce4b86	代理商话术.docx
11050	docx	17111	1fc696ed405d25068293187c3c01a853	你们的系统是怎么操作的及合作.docx
11051	docx	16061	c1f643285153a56e8d69ae71705ff25c	公司薪资成本核算明细.docx
11052	docx	24779	16b7444ab843c16899c4860f2f292b8a	单邀约合同.docx
11053	doc	40960	46ae3302d465c530e3c3e9b668c18931	厂家招商邀约合同.doc
11054	docx	23577	6e117ea0b382247794b756a1fbd4c2ee	圣菲集广州分公司招商邀约话术.docx
11055	docx	25808	6634d896db59e58aaba7725266124e80	培训课件.docx
11056	doc	54272	4f969dacc6af4fa0ccdbde47382a5c8a	天天油惠，微信课堂.doc
11057	doc	41984	edb1acdc0010a98866334fe705a77a4f	嫣束招商邀约合同(1).doc
11058	docx	23553	5a95603403402edf9e87f18a1952711b	广州分公司招商邀约话术(1)(1)(1).docx
11059	docx	16845	aaf33fef85fd84f6972dd758b4052e62	广州龙涛营销策划.docx
11060	docx	14739	0acdb4556ad2b77c2afebc8b3300a061	微信认证申请公函.docx
11061	docx	15017	f9c29f0c9cec23ead7d16447148e50e9	拓客活动中遇到的疑难问题.docx
11062	doc	52224	bb8d33ad08056af220304342f41e3005	拓客系统合同.doc
11063	doc	45056	0dec0428522d970b84f8e4fe53505887	拓客系统执行细节.doc
11064	docx	28012	6f88d58cc10f4257fdd9b376c0026b18	招商话术.docx
11065	docx	14011	0b88a8c7dab47d2cd50288b4d62e90f3	招商遇到的问题.docx
11066	docx	24007	ffbb6b252e588e741339524c66119f1c	招商邀约话术.docx
11067	docx	16691	9c6f2dadac81fabf4c9fd8025705c65a	1_1_光子床方案.docx
11068	docx	16811	493e742d98b702aa7cf45ef82e4a3541	1_年度战略协议书.docx
11069	docx	64073	940128c02556e15427e3f74e7fb2238e	1_芳草萃和歌丽蒂尔新店方案19800元.docx
11070	docx	61315	14fc282f703fc219274adfd23ea2817a	1_芳草萃和歌丽蒂尔新店方案9800元.docx
11071	docx	60841	a04d25ce6277ee1b91834b2eb0595ecf	水道美肌品牌答谢方案.docx
11072	docx	64882	776dac66f10eb55aa70d307b872ce414	芳草萃和歌丽蒂尔方案49800元.docx
11073	docx	14661	15c92d0b10f097ce5fe2689639ca2776	果惠全城、代理商须知手册.docx
11074	docx	14263	79d1673ca9d3681df491164c8172cfe0	果惠全城、水果发货注意事项.docx
11075	docx	24772	12184ada41398df63b689238daf1578d	果惠全城招商会文案版.docx
11076	docx	15500	4263af81213576942e4ae1d8d36e7589	歌丽蒂尔6月份个人行程安排及回款出货计划表.docx
11077	docx	24312	42c6dd4c2762ee66197d310cb0dca4ce	河北天煜集团招商邀约话术.docx
11078	docx	31268	d9f9d47bfa57ec5bdc1e2af66e1a18fa	美容院启动培训话术（耿帅).docx
11079	docx	12839	fad6a486522f63d27f2590e6b66d2915	美容院执行手册(1).docx
11080	docx	16829	83b1a060bf06737b300f720e9a74f42c	薪资表.docx
11081	docx	49437	60c167050e4aa12a9fa9fb132ad2278a	龙涛咨询策划.docx
11082	docx	23567	8b7d231eb198ec782ee2ee809c0a4ddd	龙涛咨询策划三大营销板块.docx
11083	docx	16118	df2158398ab8a72174752a528f204a22	龙涛策划年度业绩计划.docx
11084	doc	38400	3e7b08713c085c68eb5be665a0d67ecc	2021年总代(试）合作协议(1）.doc
11085	doc	26112	1e611eef0a9d2ed6c45c6137772cc841	单邀约合同.doc
11086	doc	26624	5bfe22e5b821d4374f2d9940ecf9ee99	单邀约合同1.doc
11087	docx	372415	0b9958efbbf071a97bfeea9763c73db0	厂家打包单邀约合同.docx
11088	doc	26624	4015bef784c0bef0eabc40a20c2a8920	极速邀约新店合同.doc
11089	doc	26112	65d35f133d2cf35336ff0dc5086060bb	邀约合同.doc
11090	doc	29696	1b1efd0161b6968d8d18b8899d316aff	金客盈门合同.doc
11091	docx	20269	90f0b3275083af21310f37bfc77f1e9d	销售业绩达标激励奖励政策(2021年）.docx
11092	doc	16384	7802b0aca80b5a960375b9cdc5db2609	为什么说客户价值管理是美容院经营之道.doc
11093	doc	16384	c957b07042222641d2deaf90ae45e826	如何提高美容院顾客的忠诚度.doc
11094	doc	12800	6f7421f63c768fe9951bfbee1d3f4caf	客户如何成为美容院的固定资产.doc
11095	doc	15360	b45128b13cb1c4b28953c9fd172756f0	留住美容院新老客户有哪些方法.doc
11096	doc	16384	4c85930fbc34950a18bb3bcad06a4056	美容名店客户管理有哪些要点.doc
11097	doc	15360	bdc3e5da66f2d995ff25e3a6644d5379	美容名店经营管理中有哪些缺憾.doc
11098	doc	16896	2c864f2a4db2d75af5210aa7c3fc4330	美容院为什么要建立并巩固消费群体.doc
11099	doc	16384	ba25683b1783774ce874bfbed51088fa	美容院如何应对客源流失.doc
11100	doc	16896	2be229ce8fa7814a3daaa37cecb36974	美容院客户为什么会流失.doc
11101	doc	16896	7a529b9a04dc8b8834845d5f66ec53f3	美容院建立专业服务该从何处入手.doc
11102	doc	16384	1ced001aad769a40eeb4090f056fb6ca	为什么美容院开会时间要简短.doc
11103	doc	16896	fc70acab40cce4b9d3a4793e4e0d5e08	小型美容院如何召开女性更年期终端会.doc
11104	doc	16384	6d85937846e297f514ce07de7bb99189	美容院培训员工的方法有.doc
11105	doc	16896	a94e13dffcd1fc5869be323f630a3e18	美容院培训的真正意义是什么.doc
11106	doc	16896	733b1c4f9e4a81fc1486e4293a0b6fa7	美容院如何开好晨会.doc
11107	doc	16896	57a2e17b6ba0473ac9c613b84fbc27b0	美容院如何甄别培训师.doc
11108	doc	16384	1c98ff67ba7033e24644053bc6321ae9	美容院如何选择培训课程.doc
11109	doc	18944	74d9eac56515609f63522e6774723e5f	美容院班前会是什么样的流程.doc
11110	doc	16384	5c8737ad6e35a1ca881fad23ccfe8a8a	美容院班前有哪些准备工作.doc
11111	doc	18944	0f3419af73cd4eb0bc01c96e93aeca41	美容院连锁机构如何召开星座终端会.doc
11207	doc	34304	73515c8cf683bbec5297b9e3190eb23d	美容院财务管理内容及表格运用.doc
11223	doc	14848	a60e46cd4145008adb84f52b3f9abb69	美容院充值优惠方案.doc
11247	doc	50688	3d12ade8d3d1d7f24c8280a2e7baf1d5	客户管理之美容院美体瘦身登记表.doc
11260	doc	14848	9ede32a466b3a7dde8e453e6d2f5811a	美容院目标任务表.doc
11266	doc	13312	3ef60d4f29fb72adea0bef4fb487b737	2015年美容院双十二促销活动方案.doc
11267	doc	31744	4f13bfbc67381c89bec19d09d13bab97	2015美容院周年庆活动方案.doc
11268	doc	26342	0ba33dfd2aefce64dce4824cfd8892db	2015美容院活动方案(共8篇).doc
11271	doc	24576	6a4affd3431f772d477fd40d21b8a3d3	2016美容院开业活动方案.doc
11297	doc	162	dc3404bf7739531a4496e312b26be6cf	~$美容院推销技巧.doc
11311	doc	162	dc3404bf7739531a4496e312b26be6cf	~$拨筋操作手法.doc
11314	doc	14848	1d5c5a273944c97c6f54b35e8f1378d6	专家坐诊美容院经营病症.doc
11355	doc	93696	420a6c934e3d36497e6ef9205ccb8b82	美容院专业面部知识讲解话术.doc
11356	doc	86794	986b9d143a7a03b34c3e666ea22cfd8f	美容院丰胸知识讲解及销售话术.doc
11357	doc	50688	4b6c195630f31a32cc457dd9b863c948	美容院亚健康及经络讲解话术.doc
11358	doc	110080	0c6d8fe8467791beca370a2815e70afa	美容院产品销售常用话术.doc
11359	doc	70144	8b9cd1404105904c5178ada8cab44a32	美容院会议邀约常用话术.doc
11360	doc	113290	80e0998f29d22984f9c41f37aa0d89d8	美容院促销常用话术.doc
11361	doc	166400	ae2522c66f50c170a9fd7a2c220c835b	美容院养生常用话术.doc
11363	doc	96768	e6b450a14f0c977d72b1fd9817cd0841	美容院基本话术.doc
11365	doc	84992	8ba66e358d793b4e5f1edc90a04e1958	美容院店销常用话术.doc
11366	doc	117760	b46eb27e9d4b06bb6aa49fae0d706e12	美容院店长常用话术.doc
11367	doc	173568	53963b229227bb696beeab818df222de	美容院成交话术.doc
11368	doc	120832	872a3e19f0328605a38f8cfc71d35982	美容院拓客话术.doc
11369	doc	137740	4ea608a054fd9040b22186ad467e3cf2	美容院招商模板常用话术.doc
11370	doc	101120	8e74a6c7c7aa3ec5e00dd43beb6e7623	美容院招聘常用话术.doc
11371	doc	129536	8d21c3e80c550b7e000bd479189d892f	美容院拜访常用话术.doc
11372	doc	130560	16531382ba5e3ceb7074b698e0fc9f6f	美容院整形常用话术.doc
11373	doc	93184	34674f1d896d3ca68b5c264d204b3a4d	美容院服务流程及应对话术.doc
11374	doc	188346	12842496366a57e36fecf5eec7be7f69	美容院管理话术.doc
11375	doc	61454	ea7bd89eeae2626f79c045c68c37ec1c	美容院精油知识讲解及销售话术.doc
11376	doc	117248	ee04e5c4bbda0bd50c23b3cb917cb132	美容院终端常用话术.doc
11377	doc	234673	87630ffe4cbff643337f3f87bd5e11a6	美容院经典销售法则及话术.doc
11378	doc	76288	c6d171d39bb48a8ffd10085fd4bb8339	美容院美容导师常用话术.doc
11379	doc	258198	5b5a74b2d6315c507f7c4acb45b1400c	美容院美容师常用话术.doc
11380	doc	205668	037b8e2dce19a93a841c96b67794c54a	美容院美容顾问常用话术.doc
11381	doc	62464	7db7c8b903116e7f70602bb2d992b225	美容院节日邀约标准话术.doc
11382	doc	56832	1e3aedd62545c343a571251577809240	美容院赞美话术.doc
11383	doc	128512	379602489d68babe600b01de343d4e4f	美容院身体项目常用话术.doc
11384	doc	106496	d20c7902bd3880c48ee01610072bd20d	美容院邀约标准话术.doc
11385	doc	107081	f02975676973546f0ed9fa9011db9671	美容院金石能量养护项目常用话术.doc
11386	doc	294485	2c44b18544461073da6a188db8f4f37e	美容院销售常用话术.doc
11387	doc	27136	8ffde309665e211e1a4936a7556f5396	美容院问题性皮肤知识讲解话术.doc
11388	doc	104394	71a5a54721c3317cc005cc805e027fe2	美容院面试常用话术.doc
11389	doc	152760	22f2cd18f9e7fec9d65eab39e5a91166	美容院面部项目常用话术.doc
11390	doc	118784	6b7fbddc28d0f574d16474e2e487fc10	美容院高端项目常用话术.doc
11393	doc	100352	50a146c9a210b73231fc088f8ed94012	2017中秋节美容院促销活动方案.doc
11394	doc	15360	e0b7f54dba00f81ba92f1c1a5e46cb9c	2018年美容院活动方案月计划表.doc
11395	doc	162	afafd67559747ba32ca82669d8861d81	~$院的拓展新方案.doc
11396	doc	28672	9e7569e9c17b8cf0e4e616180f4c07ff	美容院开业活动方案.doc
11402	doc	162	f90af249db6e369fe9139c0b2c178e3d	~$17中秋节美容院促销活动方案.doc
11434	docx	12787	8d123511dd7d6c591278372d1c175f1b	什么叫团队.docx
11435	doc	32768	e5a3ee397046c37edb96fbe597475297	秒杀.doc
11437	docx	17486	ebe8c9b7cbfa90596192e99d52f2f69b	惜缘6800方案.docx
11439	doc	186880	93d71ec13522a989551b8d3c70bf2c4e	晨美国际会场方案.doc
11440	docx	12397	06790f8b582661e6c0ee12cd83891e73	排毒物料准备.docx
11441	docx	12596	a69191a06f567a630528e678411e44ba	排毒营注意事项.docx
11442	doc	45568	706c591959627d333497b62e7ddb482b	母婴话术.doc
11444	docx	21795507	5669a7777b1727607449088c5945122e	广西.docx
11445	docx	14346	bb8cc43137fe0a4553f9e4011b9fdea7	自我介绍.docx
11446	docx	13048	93d43b149691683b61985b3c6074a5c8	单店排毒营合作及分成标准.docx
11447	docx	34975	442d6bb3b87191cccfbefacfb8d0d483	八大技术.docx
11448	docx	13049	3a80c4c4372383670a0a9389ac0c954b	关于单店排毒营的合作说明.docx
11449	docx	30433	3ad184a51a11f587b438d5eebb43944f	会员启动流程细则.docx
11450	docx	11097	ada7822c98353765a1069edff96e966e	感觉.docx
11452	docx	11645	4abfa95e14261d06d21e0e85e006d164	排毒营物料准备清单.docx
11453	docx	13083	6cbf92d237cad37288d475d93a7e65b9	千禧美容养生周年庆年终大回馈.docx
11457	docx	15543	c767e51495ce21e8098ab29ff7e3ab7e	员工如何合理的带领.docx
11459	docx	10771037	5f366c726ccbeab677e592b986c882f0	贵州.docx
11460	doc	12800	ab91395f5583351428adf2b7d3198620	抢单话术1000.doc
11461	docx	26430251	52db080804ca51447937971c704c6eb2	湖北.docx
11465	docx	16147	c6d5202681532966b5bec26b44e84ea2	健约肠排店内具体操作流程.docx
11466	docx	13443	728cca7322f1bac4a4a914ab38361c59	健约酵素产品秒杀单.docx
11467	doc	616960	10e34b4e78ab291f3a1bcc4520e97f55	圣菲之美集团私密养生品牌产品培训讲义（修后）.doc
11468	docx	12911511	437105c830b2a98a023d0bd312ee6c7e	福建.docx
11469	docx	12120	2ace5b2c2e9564eecac78e7b4d05ea0f	培训会流程.docx
11475	docx	20633	22b5aaa05fa8530336e244dae961109a	微信课堂美容师四部接待法.docx
11476	docx	27255	675262b76464a0f313f7800b0be0d237	①微信宣传课件 (自动保存的.docx
11478	doc	29696	820c52afd7f961f9aee9513004b28254	合益管理邀约话术(2).doc
11479	docx	15254	bdc6a8b5766c47345a5d44facf2c3506	回访话术.docx
11484	doc	162	dc3404bf7739531a4496e312b26be6cf	~$集团简介.doc
11486	docx	16136	0db1a2adee98d778237d08e813623d33	好的员工如何培养.docx
11487	docx	162	ef6f04ebaba441e7dec53a74e51a349e	~$客风暴》招商合同.docx
11488	doc	162	4b24559807dc212291d084d4ef3928a8	~$龙涛邀约合同.doc
11490	docx	264895	470039cba5c8c5bc0df12c94802056e8	B2.骨骼（脊椎）的生理结构及功能.docx
11491	doc	56320	18052a4c583caf3c6ce852680d10e4c7	会议流程及工作安排.doc
11492	docx	23873	d9f71a2970a3f74d08c96cd03be2f73a	厂家打包单邀约合同.docx
11494	docx	26191	af20edcf2869a2b5b450cefee201628f	《厂家战略》招商合同.docx
11495	docx	14512	5368ce1c81a59e51aaddf02a5b4eb786	荣耀誓词.docx
11497	doc	162	6fd76865756d81625aaef93cd108f321	~$邀约合同.doc
11498	doc	10752	3aa2b59ae02b04b055c51a8b54edf72b	会前短信.doc
11499	docx	3157676	f221f7753afcc2c5383af9dd07eb5881	百道筋骨堂中医基础理论.docx
11501	docx	28227	e0aee47e511fbc10df17b9f1a95c636b	3天电话话术.docx
11502	docx	18173	be04c87661eb9d1baa940d4e584b4d31	云南华世王镞微信亮点铺垫话术(5)(3).docx
11504	doc	69120	184549e2384c117a528d9f5278be0413	5、顿康口服系列调理好转反应跟踪记录4.doc
11505	docx	32963	b6b036e07569bb1e62fd8c087e7de786	执行前铺垫祈福话述.docx
11506	doc	40448	e1ed9c5e29d174304c2c427ad979fa7f	邀约合同.doc
11507	doc	23040	abde9784e9891ca5b6d5255f2446d2d4	脊椎调理套组.doc
11508	docx	11906	c0e2d53b587a4e5e3ed08b36c1c7e31d	诺言排毒体检跟踪表.docx
11510	doc	4096	76dfaebe39b398a6410e530f534dd77f	._肝胆健康调查问卷.doc
11514	doc	4096	6235d09fc5f40757a30f3afad2dc55a5	._散1、顾客基础信息分析表（美容师填）Microsoft Word 文档.doc
11515	doc	4096	37882b686bac9391b0d94491763bdc74	._顿康教案.doc
11518	docx	22361	1bf803b0dd12aad51afae86bd7541a7f	龙涛咨询策划三大营销.docx
11519	docx	25474	72f31960f22174735b9ff2b82c83a9db	诺言排毒档案封面.docx
11521	doc	64512	83e1313b44a8665e71b674e47181cb79	4、一滴血前后检测对比记录表.doc
11538	docx	9218	aad81f6331de1c4b7d3a723c8ec0d22a	越界总监月工作计划表格.docx
11539	doc	29696	58bbfa5f57085e240f64dd0bb38906ea	金客盈门合同.doc
11540	doc	39424	b5a949e67c29af884307d556502e5993	越界拓客客户回访记录表.doc
11542	doc	24064	01d4ad3324e25da4fa1cb44cc5a1189c	元神头疗调理套组.doc
11543	doc	22016	cd9fc37669488a0bc8e2e5442855d053	壮腰强肾通养套组.doc
11545	docx	26145	5121bcd2ddbc38175f617fa751bc3c44	店内品项流量店务课程.docx
11546	doc	212992	bdf7a7654ed68a41146f805301f28266	中医经络养生.doc
11547	docx	13481	925537ef587951ef5221ec2d3aa3065a	藏宝图.docx
11548	docx	22252	5659bd436662c16f24e8cebe47c551d7	温州晨晖招商话术.docx
11550	docx	17372	c685fe7151accfb9813b6b3bb6a3e2a0	藏宝图疑难解答.docx
11551	docx	13321	b7fc549f606c719e0c2d062feff582ed	西安质量店家.docx
11553	docx	12069	7813f844352ea5cbf513293aaceb3c70	海南参会表.docx
11556	docx	7084	f946a4a7902aef6459f56f0cee53a95f	2020话术.docx
11557	docx	16183	6d47efd64a6f92b87aa6e6733a8554e0	2022恩馨第一遍电话邀约话术.docx
11559	docx	162	dc3404bf7739531a4496e312b26be6cf	~$课堂，美容院的核心竞争力 (已自动恢复)改编1 (已自动恢复)1.docx
11560	docx	20895	35870aa631c74f23dc2e74a1a86d2248	上海龙玺招商话术(1) - 副本.docx
11561	docx	20895	35870aa631c74f23dc2e74a1a86d2248	上海龙玺招商话术(2) - 副本.docx
11562	docx	17546	d6bd2c869b3aaeaacd2411b887d80a20	众仁邀约话术(1).docx
11563	docx	16301	6f29abf980e96c94b26af7985e47775e	2022芮其可可第一遍电话邀约话术.docx
11564	docx	5790	32f4e7bb3aa73353cae4c29b2d7df610	产品邀约话术.docx
11565	docx	28762	f564d188e7f426f59beaff9720703ed9	内蒙景鸿4·16【业绩风暴2.docx
11566	doc	162	593cc5b912313b1c875800eec6eeb00a	~$123全免单.doc
11568	docx	16185	0d016580b265c226e493c170952368e7	2022博淼第一遍电话邀约话术.docx
11570	docx	26850	02cb85439250610dae8dd886830f268c	金客盈门执行手册模板仅供参考.docx
11571	docx	24256	496ca4a8304b027cb7f56855bec69633	龙涛咨询策划三大营销板块.docx
11572	docx	22188	0d4b11a4b4d2cf2309337166974077fe	龙涛咨询策划.docx
11573	docx	15020	67a637e606c6acfdfecf466236ea3334	龙玺回访话术纲要.docx
11575	docx	54289	f425be371daa9ef2af517b67e41cf770	3月会议2.98万方案.docx
11576	docx	15128	6f88f151e404acd13eea9c24f9656716	5月16-17号会议流程.docx
11577	doc	25600	2b5e65063fb50b06f904cf5dbd9774a2	单邀约合同11.doc
11578	docx	6766	8aa5406b28b246f8fbf07eab8208022c	龙涛咨询策划三大营销板块1.docx
11588	docx	14848	a8af47143808122e9a2db5741f8fb23e	荣耀誓词.docx
11596	doc	53248	47f4c2565b1e2ac6764aa046b5358b93	会议流程.doc
11597	docx	14828	396c798ba7b304d26024db9b0ef8f2c8	荣耀誓词.docx
11598	docx	162	64200083ecf413aa29ca3b526f350ddc	~$课堂，美容院的核心竞争力 (已自动恢复)改编1 (已自动恢复)1.docx
11599	doc	26112	d326364dfaa171a402c8621d002e7029	奖券-反.doc
11600	docx	162	dc3404bf7739531a4496e312b26be6cf	~$店家破冰电话沟通.docx
11601	docx	19342	f05bcc1dd0e7371c1adcbfc9e2c0b3ef	宝姿美容美发拓客方案.docx
11602	docx	17166	3bc0a45b48cb385d238750ea371886a0	2024第一遍电话邀约话术(1).docx
11611	docx	456347	ddb85b0eede1d0bcd49dbbea25a9bf95	抖音团购图片设计2.23.docx
11612	docx	1003964	dc548c8aeb3131201dee1ed024f3a33d	团购链接新图设计12.12.docx
11613	docx	13579	171f526573b281db072a4c82fdca43e7	回访话术纲要(1)22.docx
11615	docx	16081	6925aad2681b1beb6bca2a10a3e68039	寻找效果·代言顾客洛陶美容.docx
11616	docx	11480	5ab7acdb9f488652d0cdfddd4be33a15	高盛达营销.docx
11617	doc	29696	5cafb4f9ab2f705aae3487d661949e37	金客盈门拓客合同.doc
11618	docx	16900	63526f152a687d0e39cb5ebf86a4eac8	鑫妍方案.docx
11624	docx	14538	866cef0960d0003ad6a8e76622b91df3	拓客话术.docx
11626	docx	19441	3c5b612313d515747664eab3e26f743f	电话话术回访.docx
11629	doc	26624	f1b996ca6e085f1df311b2d6d11c325b	养生系统9.doc
11632	doc	26112	0162f157d9b9e326477077f61504c5d4	养生项目的搭配原则13.doc
11634	doc	27136	6c13bc506512b2d9c285ae2eedbb5d9e	养生理疗7.doc
11636	docx	274	4e2b7c30db0043d8109c379e7a1dd82b	._各类活动话术9.docx
11651	docx	16542	97ec96eb3193fb8133341895ad26fcd4	微信课堂主持稿.docx
11654	docx	12323	46344aee3480673abbdfb52b633ba9f1	第一遍电话沟通.docx
11661	docx	18641	6694315fc0045e5b272c81f739010946	祛斑招商话术.docx
11669	docx	274	c360e4f8adfcd84e985c3539e7649686	._黑头相关专业话术4.docx
11672	doc	27648	2befe5939e11709b2ef65871ec301193	美容院如何做好纳客系统.doc
11691	docx	20188	ffd7e06dafac4f2d51c4780b06c760a2	江西 丰彩招商回放表格1.docx
11707	docx	21705	bb2bfe3b15812707c4441b3b32968f0c	美容院如何对人员，客户，品项.docx
11713	doc	827904	ba81c8211c257778e08f073cee1f12d9	2019双核爆店系统方案.doc
11721	doc	24064	18cd5f512444718bcfd6d49046e82c3c	模式邀约合同(2)(4).doc
11723	docx	22960	1fc0709b0f7bff93a66c74e8fab4791f	千店计划极速邀约模板仅供参考.docx
11762	docx	25996	0216552607a457484a4550e28822e4d9	员工薪资制度.docx
11764	docx	20287	7703ef83aa42af44f98651f932f96ab6	启动培训话术.docx
11775	docx	15718	64a59fae5a9eb5f315297128b28afda7	深州 百嘉莉(1).docx
11776	docx	14949	447db9b79818c62eba2afe16de1a0e69	子午流注.docx
11778	docx	13891	212eee8ee9426373ba99bbe6bc569f31	六分钟激情法.docx
11779	docx	15698	149fe808c5f8f59f4f974583681d97f9	第一遍沟通.docx
11780	docx	12827	b864dc3241b91bc868faa6fbc32e1f53	荣耀丽湾.docx
11781	docx	24601	b9d93b4fd5aa87877c85219adf3631db	A客风暴 (微信课堂).pptx.docx
11782	doc	56320	152d6346e3ace1ed923ce2e5fb9d9f2e	会议流程及工作安排.doc
11783	docx	13722	1250b4cc3568abb3875445db81941dfc	省级招商会议合作标准.docx
11784	docx	24696	bc0aff52296cea3e434f0922aca8c019	讲课.docx
11786	docx	162	7feab82449a808966641186b817b8edc	~$品项流量店务课程.docx
11787	doc	34304	3132df756502edacfb307565dd8ec690	招商会服务条款.doc
11788	docx	162	dc3404bf7739531a4496e312b26be6cf	~$信课堂主持稿.docx
11789	docx	26998	f2981182e2a810ef9efc00493929c438	微信课堂，美容院的核心竞争力 (已自动恢复)改编1 (已自动恢复)1.docx
11790	docx	15742	8e75ac4986c13ba6f0f8d7b9949b53b2	招商会前准备工作.docx
11791	docx	162	dc3404bf7739531a4496e312b26be6cf	~$课堂，美容院的核心竞争力 (已自动恢复)改编1 (已自动恢复)1.docx
11792	docx	162	f3a6d173ef56c34fca6a83596043d0fa	~$员工管理招聘.docx
11793	doc	322048	8c54b14797f264b963a285675eabd508	合肥智颜3.29参会表(1)(1).doc
11794	doc	38912	7356769fd90b19d9d4cf7e04a202a640	微信课堂.doc
11795	docx	162	dc3404bf7739531a4496e312b26be6cf	~$新纳客策划案.docx
11797	docx	162	f2b05070e791fb20018981a37b9cc2ad	~$风暴 (微信课堂).pptx.docx
11798	docx	19108	e32f817253f233411b4d6ed8fee1d41c	江西招商回放表格.docx
11799	docx	11203	ef182da553dac9bc79bffacbe4eba295	上海越界活动清单(1).docx
11800	docx	14472	55301d5264aede3973b180674c67b348	美容院开业剪彩主持稿.docx
11801	doc	48640	ee1db118e717c9b045e807906c62bf00	客满天下微信课堂.doc
11802	docx	28302	9ff337b1daa8d15723189e9193208b5c	纳客资料.docx
11803	docx	162	e3c2526d023366036a80c2a86fd604ce	~$下店工作流程.docx
11804	docx	15754	12d78a85a43cff7f2c55688d2e557567	美疗师接待流程.docx
11805	doc	162	dc3404bf7739531a4496e312b26be6cf	~$19双核爆店系统方案.doc
11806	doc	44544	162a5d59d990511d4f960222669cf7b7	销售话术.doc
11807	docx	15718	64a59fae5a9eb5f315297128b28afda7	深州 百嘉莉(1).docx
11808	docx	19026	6454c70e6cd3bdec8cb06cc1181ace1c	员工管理招聘.docx
11809	doc	23040	a5bfdf899e282c817e334f124683f33d	吸客宝美容活动前协议.doc
11810	docx	27890	6f6822d6f2d981120e662d484c637be3	最新纳客策划案.docx
11811	docx	482955	71ffb944a5f97943ade92bfe954291e3	重庆盛妆.docx
11812	docx	13321	b7fc549f606c719e0c2d062feff582ed	西安质量店家.docx
11813	docx	20188	ffd7e06dafac4f2d51c4780b06c760a2	江西 丰彩招商回放表格1.docx
11814	docx	28721	499f463984f1c039c0072813d91e6729	美容院启动培训话术（耿帅).docx
11815	doc	15360	6d1aba685d5eb6267bb6a84044251517	1.2折---1张.doc
11816	doc	15360	431d770ae3c9014c5eccddf70117e0a0	1.3折---1张.doc
11817	doc	15360	64fd4ae26d99b961c8ec6d7401eb781c	1.5折---1张.doc
11819	docx	349020	f4f12a1dde5c73fea673b49dc465dddd	户外活动申请.docx
11820	doc	56320	73b6728761b2dd16f7023916ef97e74e	会议流程及工作安排.doc
11821	docx	12904	312a239b53763383f4c30ef9f114bb5c	个人工资收入证明.docx
11822	doc	103936	a2f6ef001d21525deaabb84d0560e579	周年庆典执行手册.doc
11825	docx	19273	181e6717681c761da5ec02fd271e1e5b	纤丽堂瘦身养生拓客方案.docx
11826	docx	14910	fe138b9d475859bd988cb3ad3fdb2bf5	活动清单.docx
11827	doc	371911	b9ca44d6452a2478f3420de151290191	越界会议执行手册.doc
11828	doc	38912	55c40b74b34dff6267f6596bc88059c6	跟代理商的沟通336.doc
11829	doc	26624	9433064220d059ca7e09859830d8cfbf	魅力再现回执单 打印70份.doc
11830	doc	11776	646044bc0e93212043cb99b1ae1c76df	集团简介.doc
11831	docx	13521	eb56b9f0d4e990e2bc283357e558ae99	圣龙策划奖惩制度.docx
11832	docx	13385	56f0ee7ca88e6cf327d31bf1e013a1d3	圣龙策划薪资制度(1).docx
11833	doc	28672	f9db1c481a5b517ea41b3fcf1ec24ee0	奖项细则---5张.doc
11834	doc	162	645d6a75e721ba4fbe142467471ed5aa	~$节更改责任表.doc
11835	doc	162	01fae2d4e3ad49c32b89e2843d0d9c60	~$板单邀约合同.doc
11836	doc	33792	b9826d66800d6d4dd83aa115c2da089a	细节更改责任表.doc
11837	doc	14848	4c28994dcd828ccd45104f5ea39a41d6	1折---2张.doc
11838	docx	20537	5f3b3b67be90eb86f8e9b4ce9b60bd85	厂家合同.docx
11839	doc	23552	d12331dbe0387f13c0caae96913ebf04	回执单.doc
11840	doc	12800	403b83d98bdf748efcd461e773191f50	军事口令.doc
11841	docx	15377	3052cf2349e46af74cffe485464bfdd5	各大能力训练框架.docx
11842	docx	23105	3a75b5bbaa6b81de00d965363e6b6ce1	圣菲之美云南分公司招商话术.docx
11843	docx	25522	dc81a6c929db1ca6c429781bc3546319	圣菲之美云南分公司招商话术1.docx
11844	doc	162	dc3404bf7739531a4496e312b26be6cf	~$折---1张.doc
11845	doc	15360	1b3f09aa9b62a8788588f80c3948e2fc	2折---1张.doc
11846	docx	17647	50dc73cd170db91c2453b49a7f923617	安植禡玳品牌邀约招商话术.docx
11847	doc	44032	0af9f8ef98f4c38a6efd8ee6a89a27ee	会务客户回访记录表.doc
11848	doc	35328	2bd52d067c0fb45dd0da99060fb7ac5e	业绩报表.doc
11850	doc	23040	21a7bb2ad09fb63e56fbe4418361a5bd	跟代理商的沟通11.doc
11851	doc	37376	7ec8ea6094f68e2adcf764d642108404	打板单邀约合同.doc
11852	docx	17180	8a38a00e785e6e393bb62b72c467d31f	微信课堂主持稿.docx
11854	doc	211968	251762feb13198cca15fdb4582dff75f	1000元确认单.doc
11855	doc	36864	245afb209d31ffa35d3aa250850d5a82	模式单邀约合同(2).doc
11856	doc	92672	ee40ae9033074832224c6f2c0d1164f1	费用报销制度及流程.doc
11857	docx	162	3d369f662f8a89779c0761a6c82e75aa	~$课堂美容师四部接待法.docx
11858	docx	162	dc3404bf7739531a4496e312b26be6cf	~$课堂，美容院的核心竞争力 (已自动恢复)改编.docx
11859	docx	17442	4bfe4b52b3f9e32e1ab02eac158420ed	家居产品提升.docx
11860	docx	162	dc3404bf7739531a4496e312b26be6cf	~$课堂，美容院的核心竞争力.docx
11861	docx	24352	82c584a18353954819616a970dc13526	微信课堂，美容院的核心竞争力 (已自动恢复)改编.docx
11862	docx	29582	8b92ff9690e085ce003b4c4054bfc80d	赚得宝 +邀约 合同.docx
11863	doc	38912	359b09154896714d2a666ea32d67c6ad	5.doc
11864	doc	77312	d57e660e3646d956fafcb1cc9706f17b	2018招商物料.doc
11865	docx	23527	e2b1b269de3d940e9d921a546a7080f4	微信课堂，美容院的核心竞争力.docx
11866	docx	19128	93e2946922dac781c4e046357283f3e4	美容院品项如何做好宣传.docx
11867	docx	12908	2c41f62f441129390a6861131d7e1519	电话资料登记表.docx
11868	docx	162	b26a7715d326cf77488aede90836d76f	~$微信宣传课件.docx
11869	docx	28977	b20b62289aa772b0e5c503b89b1c0bf1	大师兄微信课堂宣传.docx
11870	docx	22711	04d53e3e7cf1658dff1618078f8be4e3	美容院，如何才能够百分百得提高进店得人头数量.docx
11871	docx	162	582ce888e159d291007d4a3733f1f890	~$策划案.docx
11872	docx	15880	aa821b0b74a625397d130c874d01a7af	策划案.docx
11873	docx	25055	dcf1dac0534c1e8a8e6a3bed21d028d6	①微信宣传课件.docx
11874	docx	162	2a3a6c8261712cfab375debac23b9ed8	~$院品项如何做好宣传.docx
11875	docx	516259	ecdf08f2419fc480c91a2d92bbbd7639	微信课堂  美容师四周考核法(1).docx
11876	docx	515498	9e177752e6c0f536da456622c66f26b3	美容师的管理收心计划.docx
11877	docx	14477	b358d86b2162405d701e238054ebbd3e	荣耀誓词.docx
11878	doc	54784	be3afad8e83fb3a97bf97d849d6d3627	会议流程及工作安排.doc
11879	docx	517744	4efaf24f5974ff4dfe4872b72e7a5e7f	abc类客情维护(2).docx
11880	docx	27083	5bac215064d1af9d3c1d64f659cf493a	美容院如何快速的提升店内家居类产品.docx
11884	docx	13275	7d8af0c0d3872abcda54cca233e7d50c	水光闺蜜卡拓客.docx
11886	doc	34816	732663298bfa5a86ca85eac3a0a7b152	2019母婴电话销售话术.doc
11887	doc	162	dc3404bf7739531a4496e312b26be6cf	~$母婴回访话术.doc
11888	doc	42496	1199ad0deaa957901ed3e4f6921275f0	123全免单.doc
11889	docx	12788	03834f00beeadfdea2d5aa0ef9a1d3f7	财富会现场歌丽蒂尔品牌方案(2).docx
11890	docx	25539	ed893811e22f15e79592cb73f86f6186	店务.docx
11891	docx	14645	ca0741a23ba1b42178d50cc5e04aae02	容胜宣言.docx
11892	docx	15654	97ca3eb550353e576d3bc98fd1adefb7	并不是每一次的分离都能相遇.docx
11893	docx	7187937	7b4d7d058839c083b76e7136d08bf4c5	甘肃.docx
11894	docx	17983	d05c6b3abef2365dc5c0ddc984e5b6ed	主持.docx
11895	doc	44032	24df65f357cfca7e0e3b2ccbc243f0b9	圣菲广州分公司招商话术.doc
11896	doc	40448	a39d769a1c1b3952fe114c846c504a79	母婴回访话术.doc
11897	docx	17343	d1ecd4036aaf46bd4bc15d1590615727	123全免单回访话术.docx
11898	docx	4554568	83675e9afb7138eb5520e107b2f7a541	海南.docx
11899	docx	13256	6fbe13a3f3a68a40790e08da4d42766f	3A客满天下操作方式.docx
11900	doc	162	c57b5a7a24bc4ef8a8f50492145ec6a9	~$邀约合同1.doc
11901	docx	25859	d7d3a5a16d48726782d840da385f7c41	微信课堂，美容院的核心竞争力 (已自动恢复)改编1.docx
11902	docx	18733	26cbc02c6e3f70e42eb718653efa458c	电话话术回访.docx
11903	doc	37376	edf1277295f2b3dbb542f69c8e0859dd	邀约合同1.doc
11904	doc	37888	6001ac60e2ba90c0afd88e388391cf74	邀约合同.doc
11905	docx	16045	a136d76a116d8377ec8bd09f82c6f34b	下店坐诊流程.docx
11906	docx	162	88496579aca8a139a87fd36f592739b0	~$打包单邀约合同.docx
11907	docx	13535	7715cc1cc64cc0b3c37b606b08e72c6b	加盟方案.docx
11908	docx	18667	1072f56f585d1b0f243b7d235f75568e	单店排毒营会议流程及合作细节.docx
11909	docx	13863	ec081e5f489536d599af95ed01fecba0	美容院里4类客人.docx
11910	docx	13903	c7e4f15d8b650fccdc9f4b7c290642ed	排毒沙龙公益讲座会议流程.docx
11912	docx	12608	c1b33ef139cadb8615356099efcbe976	排毒营会前会.docx
11913	docx	126005	895152729a185443e0387275571fdfdd	标准下店工作流程.docx
11914	docx	22386	cf54340a85b8c87d6cb3804dec8902fb	排毒营后21天跟踪法则.docx
11915	doc	150315	7bc95ee27332f8afe749f5151d76ebb7	天禾丽美健约酵素培训教案.doc
11916	doc	44032	ee232a6b5d947c0e081ba84d47996265	好转反应.doc
11918	doc	32256	6aef8490f51af8b48421ac0ffe521574	卖门票九步曲.doc
11920	docx	12325	97ec81e03bd2f4fe59e8ba8aa5950774	排毒营物料准备.docx
11921	docx	29066585	37a4db5ffb779249834c20558ecdc97f	浙江.docx
11922	pdf	379797	ff79eed31d778c16f452441827393b56	Sports_Sounds_Pro_(现场演出音乐播放软件使用说明).pdf
11924	docx	13744	9fa2ec718e1cd4c67037f8d87defc261	第一遍电话邀约话术.docx
11925	docx	9267386	e48d2556978e947fb81774fb76f4ae85	上海.docx
11927	doc	22016	8c42f97ac6daf4eb1c5942ed91e0cb0b	135启动工程.doc
11928	docx	17487558	aeb35bfcac811d420fb0a6323a75bfb7	安徽.docx
11929	docx	133216	01d4c80dbd3928e3ff522764c4abb4dd	私密文字课程白鹤.docx
11930	docx	12976	5c1f95fa85a4ed354af9a0346ad2ce7e	歌丽蒂尔2018年末招商特惠方案.docx
11933	docx	12950	7f6154ec92331a532296341ba8e7574e	歌丽蒂尔招商会方案.docx
11934	doc	4096	f9a6a3fc0b63b1789dbfcdd64252368b	._日志.doc
11935	docx	33958	fb0f74f7b9361bbd276fd3e695a7656d	关于8大项目的产品知识与集锦.docx
11936	docx	168436	af0e6d94924a3c5a9e59cfb065f123fd	B3.引起筋不柔、骨不正的外因、内因分析.docx
11937	docx	17474	87743ce651c717d9a6b3c8d249f9e70d	铺垫话术.docx
11938	docx	17379	ee05b7ad32cd8bab6d247ae101f99503	体质养生.docx
11939	pdf	379797	ff79eed31d778c16f452441827393b56	Sports_Sounds_Pro_(现场演出音乐播放软件使用说明).pdf
11941	docx	19174	07d87bd0d246925c866188cad019584d	气、血、津液4.docx
11943	docx	29739	d3856c60e99f03961175f996580172f9	B10.养生信息汇编.docx
11944	docx	26412	3148fe0f9823a8a3bb08271ea4a102cb	操作禁忌症.docx
11945	docx	14469	bdf9991181bb0f5b9dd716dff3fedbf9	养生理疗.docx
11946	docx	13320	f82c765b7fe351c6f5fd8649f2ac7610	歌丽蒂尔品牌运营计划.docx
11947	docx	14986	cb57c564af57b93508e57c2c1c8c1422	养生系统.docx
11952	doc	30208	1b767f1f9b8ebaeefc31e4cbc758cb73	脏腑的相关知识6.doc
11955	docx	14403	048e71206dc1e011c83bdedc1328361f	刮痧.docx
11956	docx	13638	eed6c74221f81eafdf388699c078ee5d	养生项目的搭配原则.docx
11967	doc	20480	196edd8d5bd6da722fd5d77a3fe87d97	辟谷资料.doc
11968	doc	41984	a7055e388c70643a8fce782b91f532dd	新保养手法.doc
11969	doc	25600	d60270a4da0a83d120ffe149d0afc3eb	疏肝利胆套组.doc
11970	doc	25600	28a273af8b143688d6eeedbcdcb4bc8a	气血循环魅情调理套组.doc
11971	doc	25600	f23d94ded450c879a65fd9e99358cdcb	淋巴净化套组.doc
11972	doc	25088	72ab9412def6f49ad989b8fc38b74187	健脾和胃套组.doc
11975	docx	23727	3dfcf0fb627c9565e4cede718b4ac970	十四经络以及重要穴位话术.docx
11978	doc	26112	be71ac059723c9bb7f7b225183d7329b	舒筋养颜调理套组.doc
11980	docx	34975	442d6bb3b87191cccfbefacfb8d0d483	八大技术.docx
11982	doc	24576	e70529ffce3c9475033e4c1ef175f779	腿足护膝调理套组.doc
11984	docx	14304	dee5b26b067ba3064b90014ec8eee04f	影响项目效果的因素.docx
11985	docx	14787	08c7c375f7c5ae83517b0e89689d163f	自检表.docx
11987	doc	25600	f80748729123ac482d97c59538c475b8	乳腺养胸理疗套组.doc
11988	doc	309248	decd24aec6add4f8a777a670e7ea0a04	日志.doc
11994	docx	15415	ef7da9f2b60fac89b5887fd0912321c4	诺言排毒处方签.docx
11995	docx	12374	c20284a508519fdbdd69bcfd4e7a6ebe	诺言排毒饮品登记表.docx
11997	doc	20992	16c65705e838422be8d923475032c267	肝胆健康调查问卷.doc
11998	doc	24576	2fd6326f56e62350c2832536c69aeb6b	肩颈净通套组.doc
12002	docx	891238	0abbf76f8a45f04045a30da7b925b640	地招会执行细则.docx
12006	doc	20480	36e247316b5b3107f23275688767e8fe	业绩活动话术.doc
12009	docx	272910	10b94b86cb5b89e078bac32fad042a10	地招会合同.docx
12010	docx	20772	83f76673e4f7cc7fd947963d37f48002	省级招商会细节执行模板.docx
12011	doc	38912	208dbc969e84f1fed140958f9c333cf0	模式单邀约合同(2).doc
12012	docx	13785	7c43dabbc95f047b1549487155e32371	第一遍电话沟通业绩话术.docx
12036	docx	30187	64543f43a699f3a9f3109a87109f2fd4	上海欣喜国际招商话术。。。 - 副本.docx
12041	docx	162	b99d7adac8c37738197881c8409b2284	~$建国招商话术线上送礼品.docx
12043	docx	21654	c7b61c36c464b03dccf85dc9e0605680	金客盈门合同.docx
12045	docx	23501	52321bcae4800986b9e142c73a405d35	广州圣菲之美招商话术.docx
12046	docx	162	dc3404bf7739531a4496e312b26be6cf	~$计划极速邀约模板仅供参考.docx
12048	docx	16901	eea75e3743868b05546c2c3460a78c85	123全免单回访话术 3.docx
12049	docx	13726	d5faa17dcd80d07dd97edaa4052848d2	A客风暴与其他小程序的区别在哪里.docx
12051	docx	23343	7f0510b32a5f5917dfb58a8ae23a1f98	温州建国招商话术线上送礼品.docx
12052	docx	15352	3b6169d4b46816ee3ed5e3d01010064a	你们是怎么拓客的.docx
12053	docx	13489	a024de92442aa4bcf31b3db696d12bbb	极速邀约前期准备工作.docx
12060	docx	113715	7a5207c222205169dd2cc274d25d44b7	千店联盟极速邀约(2).docx
12067	docx	274	6c9030e8dc551b288ef3a29c7ff20864	._八大筋络话术.docx
12071	doc	259734	886375d5a0422654d26b01ca4323cfb5	藏宝图 模式介绍手册.doc
12072	docx	482955	71ffb944a5f97943ade92bfe954291e3	重庆盛妆.docx
12073	doc	322048	8c54b14797f264b963a285675eabd508	合肥智颜3.29参会表(1)(1).doc
12076	docx	294936	430e467bc88ceb0473e3c4f8e9d9a233	欣荣魅力女人藏宝图1.docx
12077	docx	237830	f2b20fd40318367ad49c0a0047d640b0	藏宝图宣传物料.docx
12078	docx	14156	75d7b66ccb42f65285f8d8e850fb4b92	刘米雪藏宝图模式整理.docx
12079	docx	14484	3d7ac8b03b35e0c8c71a924d47acb808	凤岗藏宝图启动方案.docx
12083	docx	274	803547e96d906004a3be471489545f6d	._肝胆销售话术4.docx
12085	docx	19108	e32f817253f233411b4d6ed8fee1d41c	江西招商回放表格.docx
12086	docx	162	e8495fb6f0866cf2a48329e5e232484b	~$广州轩源国际.docx
12088	docx	18581	9593d91528b2c65874f55f4fb7d91e87	99元电话沟通话术(1).docx
12089	doc	21504	7aad199c48691f29509472547b5ac980	北京凤凰国际招商话术.doc
12090	docx	17570	5f35211bbddf5dd9f467e6ec66bf1018	创美邀约话术(1).docx
12091	docx	12825	0dd30162048a93af28027a593f2f5897	代理商须知手册.docx
12092	doc	54784	814dbc604f98ea3f157fcf1b3ed51441	会议流程及工作安排.doc
12093	docx	16114	1d4457de7ee88c830313fce8fd9f7a85	8_虞美人回访话术(1).docx
12094	docx	8002	5e144cab838ee1ea83279138c1f572b8	太原美之琳招商话术。。。.docx
12095	doc	381440	b2dbace2adf9825cfd3094d8f8419b19	单邀约合同.doc
12096	docx	20535	7346c7d33736b4a4e94febb77e47d829	天煜飞鸿邀约话术(1).docx
12099	docx	20895	35870aa631c74f23dc2e74a1a86d2248	上海龙玺招商话术(1).docx
12102	docx	16535	6577f7cf40b73170d83c53c8d701bfad	回访话术纲要(1).docx
12103	docx	26356	8a128cd29db52e5d92254c382fe82e78	众丽国际招商话术(1).docx
12110	doc	27648	75e8999cd33e8d7e543f22ba9450472e	模式单邀约合同.doc
12112	doc	32768	7766a1555e94ac1da3d96d3097f448d0	年度规划及活动执行合作协议.doc
12113	docx	22105	bec19645b984d224152b4b1839ae935c	微信课堂，美容院的核心竞争力 (已自动恢复)改编1 (已自动恢复)1.docx
12114	docx	3169	3e7e44d657ad76892f32924cebc06d75	文档.docx
12115	docx	18166	5d3fe8be32df09c74ab3e1bd66512d83	拓客邀约话术(1).docx
12116	docx	27058	a6ea3ac90dceae53c48c3bd19b06f2f3	招商话术.docx
12117	docx	18026	22cc4c4c5f132c3dab9ac9e62096f7e1	景鸿回访话术纲要(1)1.docx
12118	docx	17624	524c96ac64db398f6f2066fda71599b1	果惠全城回访话术.docx
12119	docx	24601	b9d93b4fd5aa87877c85219adf3631db	A客风暴 (微信课堂).pptx(1).docx
12120	docx	13980	91dec09a9be522a74a7189c4a94e2b40	亿雯雅升回访话术纲要(1).docx
12121	docx	13051	5949e092404820daa98f8ab940b5c632	微信沟通模板资料.docx
12122	docx	13783	4747c0445e7ef5a2cc42944fe22848ce	沟通话术.docx
12124	doc	52224	1552b108573e7ef68b8f903dc3b72ff0	果惠全城、微信课堂2.doc
12125	doc	383488	747dbeb6a81e37b8c999dabbd2ab9bb1	金客盈门合同1(2).doc
12126	docx	21335	cd1ee333d246f1c71b561f2c14260635	执行力训练营手册.docx
12128	docx	22799	74208a3985b57ddf6e071425516cc9ce	执行力训练营手册1.docx
12129	docx	28003	dbc782a9be91fa765ecd3d0e715257ff	讲课.docx
12130	docx	17003	81a105d1a6c5fa904152a6c0be688b5e	黛艺回访.docx
12131	docx	2736814	f6779f6e49d08c6b3ebda59700f0c6d9	宣传文案.docx
12132	docx	218	a9be271173af0ce1a5e633bdcb13580c	._纤体瘦身话术.docx
12135	docx	17224	3e2a523a4a9966799de5c4c5cb3869a5	2023第一遍电话邀约话术.docx（重庆）.docx
12136	docx	162	dc3404bf7739531a4496e312b26be6cf	~$23第一遍电话邀约话术.docx（重庆）.docx
12137	docx	162	dc3404bf7739531a4496e312b26be6cf	~$国际微信亮点铺垫话术.docx(重庆).docx
12140	docx	17373	4e4868293c39b931bc7826e38c7553c9	鑫妍国际微信亮点铺垫话术.docx(重庆).docx
12141	docx	13695	8a008db717fb3db39bd185c6a15734f7	沉睡店家破冰电话沟通.docx
12142	docx	15299	44eeeac6d9f110347ef6c79f6c389947	会议流程及人员分工.docx
12143	docx	13703	825e671ea1d5cbf5ccf1b2f94446be4d	沉睡店家破冰电话沟通(2)(1).docx
12144	docx	12077	fcd15df0a654fdb28c20fa1a10f67f5b	南昌老带新.docx
12145	docx	17351	c690024f7057b3f3dba86a61329cbec7	2024第一遍电话邀约话术(1)(2).docx云南.docx
12146	docx	18892	d17a788711d35c4f425247bbcc80ca2c	鑫妍国际微信亮点铺垫话术(5).docx
12148	docx	17784	c21e076354300bfb5768aa477f37d681	虞美人话术(1)(1).docx
12151	docx	235	0ebac5bf6653614844f7723be5a35555	._11前台接待员.docx
12152	docx	78	4b0e66c002a3b97be1e9b023a954a6d1	$IAH7BC8.docx
12156	docx	12891	6af5c155d460ebffa6431c7e5619ef34	$RAH7BC8.docx
12386	docx	274	253e0121f14583fa7030fd53354b3694	._皮肤敏感中医问答.docx
12387	docx	218	8ac61cd166741571588cdcef77c34c2f	._女性调理美容顾问咨询话术.docx
12394	docx	274	2d0e45690d51734fd1ae22b2c3d4ff87	._赞美顾客话术.docx
12399	docx	218	8ac61cd166741571588cdcef77c34c2f	._睡眠话术.docx
12405	docx	218	8ac61cd166741571588cdcef77c34c2f	._经络引导话术.docx
12408	docx	274	480aae5619d1e078b818797b83ac410b	._黑眼圈相关专业话术7.docx
12422	docx	274	f6865726853d66dd28cbf26711556819	._艾灸美容销售100问话术.docx
12578	docx	4096	926931ef088db392fcc63bcd95ba6604	._许若基10月大会会后总结.docx
12620	docx	4096	1a7d2107e0eff6f8c8f47971cca7dcab	._王婷 10月份会后总结 1.docx
12623	docx	4096	76b9d608b4a202b379ec85504b92b68d	._华世王镞2024引爆新消美.docx
12624	docx	162	4811e0dfe6c6bee00e0a308b1ca34796	~$25-26会后总结（企宣新媒体组）.docx
13087	docx	162	4811e0dfe6c6bee00e0a308b1ca34796	~$12日会后总结会.docx
13088	docx	4096	35f6a33d66adc2a78f1c75f834362ca6	._10月份会后总结（企宣新媒体组）10月31日.docx
13089	docx	4096	8da25abd2fd6852cb9886c034cd694f7	._10月份会后总结-史金芹.docx
13093	docx	4096	df90a331414872bbb4092eb25f716218	._杨志云的会后工作总结(1).docx
13094	docx	4096	04e837ba21736270afaee80c1a1d02de	._企宣部9月份会议工作总结（引爆新消美）.docx
13097	docx	4096	fb3681f7777eea6d3cd4487fc29d60e1	._企宣部9月份会议工作总结（引爆新消美） 1.docx
13189	docx	4096	5f8886d9feb720d2238073bbe3281483	._2022.0706华世王镞正青春夏令营.docx
13245	docx	4096	48eeda4362912e3da40cde403c55196c	._2022.0701乔迁典礼.docx
13247	docx	4096	ad9a95de478a6c23af056a4f364631e8	._2020.07.14团建吃火锅.docx
13249	docx	4096	13e2838f7b038e455ec303ef8e0ffb93	._微博.docx
13366	docx	39969	34b283d3be6e676113b85a9b94ef5b1f	客户档案.docx
13367	docx	16334	99fcb877e69e63c11300814c3c8e16bc	圣龙咨询策划.docx
13368	doc	32768	93fc810cf2cecba79bffdcbf7c3faf62	1000元确认单.doc
13369	docx	28405	bb8016155baa97bcb2da64f438dbaa7f	12.8万合作协议.docx
13370	doc	32768	007c338a358e051fc29f237d0323a0d5	200元确认单.doc
13371	docx	8905	23bf0f0dabe4c1dbde64a78cdbbdad23	9800现场方案.docx
13372	docx	16519	0444de865a199c11134237897abd52b2	9980元.docx
13373	docx	10494	2a1a2472189b72ff464afb12269c60ca	BeautyUP9800会场方案.docx
13374	doc	162	4a8519d69ce209f8c9144618bc90188f	~$00元确认单.doc
13375	docx	162	430903118d7cecb2aa02ebb85697bb97	~$00现场方案.docx
13376	docx	162	dc3404bf7739531a4496e312b26be6cf	~$6800方案.docx
13377	docx	162	6f2d070a27267becb5b9d2634d172cea	~$autyUP9800会场方案.docx
13378	docx	20231	c1674ce2b77e3d04da35914a375c8c5f	18年工作计划.docx
13379	docx	18487	52a40539c37ee3b46645ad89ec70d6ad	2018年天禾丽美单店排毒营标准执行流程.docx
13380	docx	98375	38bd742eb832e5e21233b3e487708f40	3980会员启动如何与老板娘沟通.docx
13381	doc	35840	b337e5d28b71b8bfd5bee3ec1e16f186	ACR启动方案.doc
13382	docx	13038	a8c7b933c78c62d0fb76c9fcd5021b61	专家提成.docx
13383	doc	471552	3b0df5b1940e8a0c83ff18750f604f93	中医手诊图谱[1].doc
13384	docx	79800	be77404df32839a1af2e9b5ddbd88df0	主题：关爱生命 全民防癌 大型公益讲座走进（  ）站.docx
13385	doc	147968	6f53f103e0bc8689c484ab0705faa527	全赢人生排毒营.doc
13386	doc	32256	6aef8490f51af8b48421ac0ffe521574	卖门票九步曲.doc
13387	docx	44986	d1d2840aedbe8520283ffbd13782c5f6	口服酵素销售.docx
13388	docx	13575	79bb8d973c4a54a81045f893e09d5008	哈尔滨天鹰化妆品 健约酵素品牌                            现场加盟.docx
13389	docx	16489	973d51dd0307534214c3fc0af9a4b3b0	天禾丽美健康管理咨询公司.docx
13390	docx	37488	02ac6531a251748b210c06abe2382025	市场运营建议.docx
13391	docx	12744	b6ee1cde2b08fbdf28e9075677bd36a5	德圣特惠政策.docx
13392	docx	21630	d9b111aa4944a5c68bc60ff508b4c141	德圣美容院整体规划与名媛会议策划案.docx
13393	doc	327680	a1300da54eafa7c64716262c984ac2d1	成功演讲的必备条件.doc
13394	docx	15632	2d851f2c71f99c176cfe6df1ed8df192	晨会555.docx
13395	docx	105465	6dbb7ec4aa7e680a4fe7ef75f779bd91	暨大.docx
13396	doc	20480	5f2c6380e7c3e6d07ddd24d952ab9e13	柏恩国际.doc
13397	docx	108275	5e4d72292a6dccf6f1b0de203d8e2977	模式精编（要点）.docx
13398	doc	208896	781e577c5ba5f1367c146ffe3c1666ac	清晰手诊图谱.doc
13399	docx	133216	01d4c80dbd3928e3ff522764c4abb4dd	私密文字课程白鹤.docx
13400	docx	11128	d442643052e2add1cb39b91d28d9157f	秒杀名单明细.docx
13401	docx	12961	e067d68138901fd91274b9dfef75c33f	第一部分.docx
13402	docx	37902	729cc3bd93500e1b2359f4361108c570	签到 登记发放体检卡（发放抽奖券）.docx
13403	docx	10972	66874780d85e2a01bee84069ed33a6a7	肝胆排毒疗程.docx
13404	docx	16290	d50b1e17832b8ecb7dfc1a62f730a3b3	诺雅美店内沙龙会启动流程.docx
13405	docx	20790	2a69c6eb1eea1e1d0a98b60e2e6eada1	通河王艳内拓预储值活动策划案.docx
13406	docx	11647	7294608aa375d57bdcd7be50a1c78c90	通河超鹰名媛会策划案.docx
13407	doc	218112	96cc4a85a7b30dea8c4deac1f04ee92a	代理商品牌经理年度总结及规划OK.doc
13408	docx	15863	c3879619db79bd768930bc967ace88b5	健约肠排.docx
13409	docx	44986	d1d2840aedbe8520283ffbd13782c5f6	口服酵素销售.docx
13410	doc	144501	dbdf2947f39ceadd1b7b75a5ad43e69b	天禾丽美健约.doc
13411	docx	11618	cbedc6b8760a6ec0d9c008f73887d309	肠道课程.docx
13412	doc	37376	3f9e2e6c33c54323c2f6bac170017e76	销售确认书.doc
13413	doc	4552192	759f1a1fe4620b0a4fb5104faf55e937	五行知识与自然的关系5.doc
13414	doc	30720	bb8b9629a7d3381b2964b86eb4c00263	体质养生10.doc
13415	doc	47104	df0330191cc911fc8e6e58c50f6247be	十四经络以及重要穴位话术3.doc
13416	doc	29696	853556c9c39b98b297def9bebc9896a4	失去健康的原因在考虑8.doc
13417	doc	27648	673b39b66fbd6472e3568ddf080d437b	子午流注11.doc
13418	doc	26624	dd19ef0c95320bc5374acc73914ff909	影响项目效果的因素12.doc
13419	doc	29696	8589f35374d0ebd7b8dec76a1b38e37f	气、血、津液4.doc
13420	doc	30208	1b767f1f9b8ebaeefc31e4cbc758cb73	脏腑的相关知识6.doc
13421	docx	33034	a67f4d39b0138196ad91a85529ddff64	调研表一.docx
13422	docx	3647	56023478337db3fa00da4ead888c61f1	调研表二.docx
13423	doc	37888	112719ff9a8a95695d5940b4dc4caae4	祈福准备.doc
13424	doc	64512	5ea06e80723baf65ace74882ede7fc8e	2012真实的中国.doc
13425	doc	28160	5261b72ac3c99e7bb7604f355e536c0c	执行准备清单（新）.doc
13426	doc	1953005	86e92d468050ea39133f0e34ad296ca8	病毒式吸客厂商，代理商版.doc
13427	docx	27760	5626dba04d90077b3aa9a9834ff039da	4天短信发送.docx
13428	docx	27865	4b2a39adac8c918c8492ae426452b8d2	7天短信发送.docx
13429	doc	137216	5fb2d379cf7bebd59ec27f26bb8d4b24	员工动员短信.doc
13430	doc	73216	2168eca87868bb5d022ce8065e836596	获得顾客信赖的条件.doc
13431	docx	15706	5e11bcaaac29faddd25b81b366bc4cc6	坐诊会启动流程.docx
13432	doc	18432	3f6005391c207e9fe98525e4a722d11c	坐诊销售话术.doc
13433	doc	14848	af1b14f73554e1cf890ac78d6bad8714	沙龙会启动流程.doc
13434	doc	71680	bbbc0e9d2c57c838baa633dd19a1866b	沙龙会实操标准流程.doc
13435	doc	12288	86e6448074892e88cf9734be4b9c3c84	见诊卡销售九步曲.doc
13436	doc	259311	1b6ac52ca07ba6c90f2959cbb984f608	1美容院专业电话接待标准.doc
13437	doc	35840	1742b003768a697dbaf5775a139712ba	2接待服务流程及话术.doc
13438	doc	22528	cc4edff691a229cd46bbeed1a355a0af	3预约流程.doc
13439	doc	4096	e127a7440acb8fafb7397f2b448400eb	._产品话术.doc
13440	doc	4096	70844ffe7a1bd8d8875cd022725fbcf1	._工资制度方案二.doc
13441	doc	4096	bde9b01efe8847d57a1940ccffe1253a	._已确定排毒营方案客人全程短信跟踪样板.doc
13442	doc	4096	bc28c1f56296281f8c37fb728974dfc0	._排毒会主持稿.doc
13443	doc	4096	eeef614df89b5018ba8c4ba22580d9c1	._排毒营主持.doc
13444	doc	4096	17b146bf03a7357bfd3bdff7a10c0a90	._无毒一身轻 快乐排毒营售后执行标准及流程.doc
13445	doc	4096	8937eff383477db13966f8f8a887df3c	._活血自由基檢測同意書1.doc
13446	doc	4096	b155a1ea9c8be073f381de1c37327252	._缤纷水果沙龙物料单.doc
13447	doc	4096	b33c1f78d92157c9cb412fed02f8ebf1	._顿康排毒营顾客体重尺寸跟踪档案表.doc
13448	docx	88765	97cd4378282533b1d7156c90cd01e904	2016白皮书标准版.docx
13449	doc	162	c1b0f712da95e3eb17de82fcdb458ffe	~$排毒会主持稿.doc
13450	doc	18432	ae5f5f57502546b3fc86c7fe0fd2cafc	产品话术.doc
13451	doc	14848	5f4ff436dde6b63876bf4cf218d13594	任性生活铺垫话术不抽奖版本.doc
13452	docx	14071	0dfc8a11a354d52ab07ed00dd2af84e9	健康代言人评分表.docx
13453	doc	34816	6d62fddc55e9c31a618b00f893b7a9d7	健康代言人评选大赛报名表.doc
13454	docx	16689	579f8251814480b11c95d0a4c05d99b6	健康调查问卷.docx
13455	doc	2328576	9ad060b31192e04a9d042fec08aac50e	团队游戏大全[下次集会用得上哦.doc
13456	doc	44032	ee232a6b5d947c0e081ba84d47996265	好转反应.doc
13457	doc	34304	b2c65d0db53bb097921dded13d2c7bc2	工资制度方案二.doc
13458	doc	41472	85fcc55c39dfe2a3f4d120cd670d7819	已确定排毒营方案客人全程短信跟踪样板.doc
13459	doc	39424	ea259a444ac5d2ec8c949c4d45d836a3	排毒会主持稿.doc
13460	doc	24576	b6abd14204ea033613ead1daef757ee6	排毒营主持.doc
13461	doc	12800	65d68df1dd5fc3467af7cbf8b72e1a85	排毒营招商邀约话术.doc
13462	doc	41472	2971ce097825e54dc4aac27d587da512	散1、顾客基础信息分析表（美容师填）Microsoft Word 文档.doc
13463	doc	78848	b91293f78817e9cbe3fdb92287992efc	无毒一身轻 快乐排毒营售后执行标准及流程.doc
13464	doc	156672	42f721a85fa24366142ecf2a6c0e15b2	活血自由基檢測同意書1.doc
13465	doc	27136	b5827408edf6b87e479c5dac668891ce	游戏%20Microsoft%20Word%20文档[1].doc
13466	doc	143360	a4169b91db9aaf3e9e1e60db766f1890	游戏版块.doc
13467	doc	1027584	45d7685264138e399e7efbc45962abad	缤纷水果沙龙物料单.doc
13468	doc	37888	47f9ba06c6f267a5f7075f3b619ed4be	肝胆健康调查问卷.doc
13469	doc	50688	cbcd47d8d84519d740e83349ca611043	肝胆净化秘现反应百答.doc
13470	doc	37888	a658a92bf696310ee64a2192a7d89a73	顾客分析表.doc
13471	doc	118272	ea032182ac35a5557e54de426378a48c	顿康排毒营顾客体重尺寸跟踪档案表.doc
13472	doc	40960	72d489a2448390f3d8eb9068e8952b23	顿康排毒顾客跟踪表.doc
13473	docx	19813	8318fd7d3cac06ea5f627ed91262dcef	2018免费购物节邀约话术.docx
13474	docx	19134	98df4b6bd8ea616ba1f277ae93de1bfd	2018年克莱氏招商话术.docx
13475	docx	20579	c4936766f4e9173d28a202e6a7f28683	2018年聚人美业招商话术.docx
13476	docx	21624	17300f3053f2ccacb3bcd552f53de226	2019年《123全免单》+《火疗枪云拓客》话术.docx
13477	doc	37376	4d82c4b13780c1f89e32ccf198c0a059	2019电话销售话术.doc
13478	docx	162	8d15bcc6a3525e275ee0f7fe9796d4a1	~$主持话术.docx
13479	docx	162	54a8e9eeeb4c85e564ec443da333b1fc	~$亚捷招商话术.docx
13480	docx	162	ad6fd9fd18b7c02b050e46e178f4c9ed	~$回访话术3.docx
13481	docx	162	dc3404bf7739531a4496e312b26be6cf	~$母婴.docx
13482	docx	162	2b3dfc855f9cffec51bf18cf39a9f9ad	~$聚人邀约话术.docx
13483	docx	162	502b0dc7e9c6bd5584b03830566ee4d1	~$邀约话术 (已自动恢复).docx
13484	docx	15794	3e2c0044c5f815f5ac6b80d904851198	主持稿.docx
13485	docx	19924	836f0cd6b512b657c864f9024f163cf6	主持话术.docx
13486	docx	12658	1b769ea5ed2114655a9b4ecf1dc62e4c	交换电话话术.docx
13487	doc	38912	2eee15b0967460b16796fd2b9b142c20	免费购物节课程.doc
13488	docx	16511	b51377f7e737842aa4d5b9eee12c0d56	医美回访话术.docx
13489	doc	33280	2a41567ae18c88024320fa2fa0000b8f	华馨源招商话术 新12份.doc
13490	docx	14605	cd290e00ad27d2bf3f30e05b79d2e70c	回访话术2.docx
13491	docx	19031	1e11d7251fa120258a876e613678a7ee	回访话术3(1)(1).docx
13492	docx	19890	fb77d8e6a072263806801aa1ded84bb4	回访话术3.docx
13493	docx	17301	d537350648f0a83316427264bc041887	微信课堂 美容师四步接待法.docx
13494	docx	23494	3b386ad47dd4d9ab51a4185ddcdac207	微信课堂，美容院的核心竞争力 (已自动恢复)改编1.docx
13495	docx	22109	28e1274ca74791115c23612622b7c115	微信课堂，营销版.docx
13496	docx	17813	5d47f8b228a4806d6bcf0894a77c4930	德尔丽回访话术.docx
13497	docx	12794	11ba95497eeae7c8d21d1851bc48d8d3	意向店家回访交换去打.docx
13498	docx	26864	dc001064f5955c36b969c4dd101759c2	招商启动培训话术.docx
13499	docx	22862	45fa4af1cdb8ca25cc029fbada0a8fc1	招商话术.docx
13500	docx	20274	f5c69ac7426dda25d102b71a9b18a5aa	2018年度羽柏美业招商话术.docx
13501	docx	14439	ccae8a3ce123023dc3584ee83874aac8	具体操作方式.docx
13502	docx	22718	2891558f6aa1a7d42df0f464e0ae00b2	招商话术.docx
13503	docx	13817	666adfb79c4881a1fcaa2e034359b887	话术.docx
13504	docx	8945	62a9e369c12b01495a3c7dc9bfa6f5dc	赚得宝解答话术.docx
13505	docx	1442293	6389bf54550b81d2e4973708fa2a7c5f	赚得宝邀约话术.docx
13506	doc	33280	e50689c72a67175c3c3d1e0ad49977f1	邀约话术.doc
13507	docx	14946	2f2dd835d4b8c3590b541231e7fb2c01	文档.docx
13508	docx	22334	4f0207c86fd20e3c5f31dec9507345c5	新亚捷招商话术.docx
13509	docx	16832	e7019785360f591e83e2cb9540d3fec1	新建 Microsoft Word 文档.docx
13510	docx	15721	d8bdd3b3e0fdeb425616a015b3869e9b	束颜芳邀约老店家话术.docx
13511	doc	28160	7cd52e3ab004299adbae2074bc58815a	杭州招商会.doc
13512	docx	12811	01fa76e7d7e4a7842efdc67f8b5d1897	母婴.docx
13513	docx	22240	22866c097887dd642ac8f9ab1fae1bb3	江西阳光丽人招商话术.docx
13514	docx	23153	643646a27471211968895350673ac39a	河北容胜招商话术.docx
13515	docx	22370	9fd722c8344aa9e1d440e5511ca2b6de	泽十字招商话术.docx
13516	docx	11740	d05b7912471449d062573dcbc6e130ea	海天诚新话术.docx
13517	doc	43008	fa833f243c0a654ebe229d17e05ed9bc	紫金兰招商话术.doc
13518	docx	19043	1d707ab0cf439cf53429f26ec4dbfb8e	聚人回访话术.docx
13519	docx	23066	763d06b9c02baea79d1347cf2b480d9b	聚人邀约话术 (已自动恢复).docx
13520	docx	22528	79dd69c4c0827c11dd3fac18ca3a1019	聚人邀约话术.docx
13521	docx	12670	f3080bbcff00d8788b42d96f2d3c47cd	谈单话术.docx
13522	docx	15035	5aebffc993d8419116f014418e61ae85	贵阳鑫达美业产品邀约话术.docx
13523	doc	25088	09ef12938a636cb43caa77c09b6573c6	邦海美业(2).doc
13524	docx	22432	4ff3795d4024d810824767c7e9ea5fca	韵洁招商话术.docx
13525	docx	17313	5ffbc519501fd22dd7bcf401e0fb0dc8	鸣客天下回访话术.docx
13526	docx	15844	3896dc97b89adbdb5059da3fec50567e	2022合益顾问管理邀约话术.docx
13527	docx	15749	c1a09f0b6b077afb706acc3e5bc63bfe	2022聘婷第一遍电话邀约话术.docx
13528	docx	162	dc3404bf7739531a4496e312b26be6cf	~$可可回访话术纲要(1).docx
13529	docx	162	dc3404bf7739531a4496e312b26be6cf	~$微信发送资料.docx
13530	docx	14419	746680ce4307ab27a1a07db2c74281b0	博淼回访话术纲要(1).docx
13531	docx	14086	43d34a45e594da7208d8bc65a6ad0a71	博淼美业老店邀约话术.docx
13532	docx	24801	ecc39e87e5de0fad76d4aa9bc473ce31	博淼邀约话术(1)(4)(1)(1).docx
13533	docx	21529	321b33274cd91612c437505b2ee144fd	合益顾问管理微信沟通话术(1)(4)(1)(1).docx
13534	docx	22979	712f82085024cef0680d2aa3e62e1f4c	地级极速邀约模板仅供参考.docx
13535	docx	16066	dbf44e1759e2dc534b1f920833e934e3	天使久久回访话术.docx
13536	docx	15077	410ac6d434a0343e106fd227848d9771	恩馨回访电话.docx
13537	docx	13146	9bef0f37f3c7f0e4536b02ec2c09b32b	恩馨微信发送资料.docx
13538	docx	127491	07b57f2e343ddffeebfa9e22037b2cfc	户外活动申请.docx
13539	docx	14138	efb8952b3ad4bd4f9cb32393ab9e0f9a	户外路演 合作协议.docx
13540	docx	11841	a10b68d63ec9e83901a5fe460f821d50	老资源参考销售话术.docx
13541	docx	14353	f92771b19bd3a6659a4ceefc87c72d43	聘婷回访话术纲要(1).docx
13542	docx	13292	0902aeb4f2580452708fb3691e8b155c	聘婷美丽汇轻医美专业知识.docx
13543	docx	21372	c98da5df16b7d4f4f11cb704caa30eb1	聚人微信课堂课件.docx
13544	docx	15244	69ac341ce116336f665ce4314493ac20	芮其可可回访话术纲要(1).docx
13545	docx	12757	915647f337db5797654a0d17b1dd14e8	98卡铺垫审核表.docx
13546	docx	34867	41d7972a70f02b40cef9b321930d9403	全国会邀约方案.docx
13547	docx	22115	62d9c761cb95e7387c3082922444086c	售后服务跟踪表.docx
13548	docx	13199	4c8f050db05fe0f520a5a517a083ee41	百到筋骨堂10月分工作安排如下.docx
13549	docx	13737	dc00637bbcd3ce65ddceae9e5a2f5082	百道5月16-17号目标套盒挑战书.docx
13550	docx	14717	636522c6d9851df82c389f5b2174a21e	百道品牌小组人员店家划分.docx
13551	doc	35328	a437dbe20eae63ea4833be70598f0b5f	百道新店启动流程.doc
13552	doc	33792	53d2a5062ed807bae42b4489686bef7c	专家需求确认单模板.doc
13553	doc	30720	38287a78c4bb52085730ee9770b3e06d	沙龙会会务岗位人员职责明细.doc
13554	doc	28672	4a13c741be12be667a86cd85168a334b	沙龙会筹备教案.doc
13555	pdf	536751	55cc2221903a1dfddb55941f79ba8616	百道产品特点.pdf
13556	pdf	4304608	4b97389a35cae8b8fa629bf5b2c1c66a	百道品牌文化.pdf
13557	doc	44032	0b34efee3f8517c5d5def9bd117bf8ba	百道新品产品架构.doc
13558	docx	13893	33a8d23667606cfd6189487c13f53cd5	百道筋骨堂坐诊会邀约话术及邀约短信.docx
13559	doc	26112	28f057ae055ed77c9c35031c1d8903a8	百道筋骨堂新店启动.doc
13560	pdf	818980	12c51a77adf0fb8807176c0071376ff9	盈.pdf
13561	docx	17277	10c485bf4716aca34d62c32127aa26db	百道筋骨堂2017年度规划.docx
13562	docx	15526	bbe831b42557e3f1d5d6ff6dfc96eaed	3月20号会议流程.docx
13563	doc	35840	62b5039033499c08d37ad09955e68c1f	会议人员安排.doc
13564	docx	35134	1a4ccf60658476d9604acf4eed3dae31	夏季特惠12.98万政策.docx
13565	docx	36283	df72cc181f7932842fa7f64a302103ef	夏季特惠2.98万方案(1).docx
13566	docx	34968	953fd0ba4ae747f527bb488ae6821590	夏季特惠3.98万政策.docx
13567	docx	35056	112a066442887f9078329dd84e319327	夏季特惠6.98万政策.docx
13568	docx	35537	dcff57ee66f3eab1a7b09237ec40f9f1	百道筋骨堂12.98万财富政策.docx
13569	docx	35439	c3f234de416ed58185f9213b6889a2ab	百道筋骨堂3.98万财富政策.docx
13570	docx	35473	6e6de8fa65c5484644698c9a3c921a84	百道筋骨堂6.98万财富政策.docx
13571	docx	32558	12b302018f88fbb61b1bfb290cbc029f	肝胆秒杀政策.docx
13572	docx	15219	0e71d19426065b5bad86a9745a9eca8f	会议流程及工作安排.docx
13573	docx	16845	a149c89cfab64a4ab9cc01dd0ec9c401	鑫妍国际方案.docx
13576	docx	11731	9117a2e138e42967e3603d30cc57b1b2	团购电话预约话术.docx
13577	docx	13503	319e5c19aea1f672999045db674dc2bf	本地团购操作步骤.docx
13578	docx	14916	d48990325cb910f5de228d9478f6bc6c	本地生活服务六大项目.docx
13579	docx	333857	67226da24c30b41632b7439bc698f356	交付话术流程.docx
13580	docx	12574	4926e1a03a4afa4261c17f0164e21cbe	2023年终总结.docx
13581	docx	10394	cd4c9e7698effea919b340c5a435ea4b	一月工作梳理.docx
13582	docx	3624907	d4545d79869b7de23b14462092d7d458	公众号小红书整理.docx
13583	docx	10884	47009a0c8dbcee0ff096379d3d3dd92d	我与公司的故事.docx
13584	docx	11347	ffbb64b46fe20e8ce4885080b17e652d	销售培训课程心得体会-陶金.docx
13585	docx	11172	a263299c84608bcc75f0edd834ea4d99	销售能力增长课程总结.docx
13586	docx	10864	7005096d05569a8eaa75457d71f305da	王总IP脚本.docx
13587	docx	940279	ab3c1b0667b4af88dcce9debf2dfa01b	直播间背景对标.docx
13588	docx	2039707	43decfb2ff244f98720b5f0c613b1513	直播间背景设计3.12.docx
13589	docx	1707314	dcec077b1ebd5da57efc83064ba8a48d	直播间背景设计3.6.docx
13590	docx	146589	b9776ac8d6cf06eb1857d2fd22f080d0	直播间背景设计文案.docx
13591	docx	12789	874a7d773cebd1e65a0772a24dc8fe16	通用直播话术.docx
13592	docx	14674	eee15331309c7044ccfe14db39d89b30	好评邀约话术.docx
13905	docx	4096	25b1ebcc4158c05de0020465db056699	._推文2：华世王镞引爆新消美学习会议在昆明圆满落幕.docx
14074	docx	218	8ac61cd166741571588cdcef77c34c2f	._女性调理美容顾问咨询话术.docx
14109	docx	274	f6865726853d66dd28cbf26711556819	._艾灸美容销售100问话术.docx
14111	docx	235	0ebac5bf6653614844f7723be5a35555	._11前台接待员.docx
14691	docx	274	c360e4f8adfcd84e985c3539e7649686	._黑头相关专业话术4.docx
15221	docx	274	803547e96d906004a3be471489545f6d	._肝胆销售话术4.docx
15315	docx	274	6c9030e8dc551b288ef3a29c7ff20864	._八大筋络话术.docx
15326	docx	274	253e0121f14583fa7030fd53354b3694	._皮肤敏感中医问答.docx
15332	docx	218	8ac61cd166741571588cdcef77c34c2f	._经络引导话术.docx
15335	docx	274	2d0e45690d51734fd1ae22b2c3d4ff87	._赞美顾客话术.docx
15338	docx	274	480aae5619d1e078b818797b83ac410b	._黑眼圈相关专业话术7.docx
15380	docx	274	4e2b7c30db0043d8109c379e7a1dd82b	._各类活动话术9.docx
15665	docx	4096	1f12e9c6dbc74b2b5d07be39822fa38c	._推文1：华世王镞引爆新消美生态门店驱动系统学习会议今日盛大启幕.docx
15916	docx	218	a9be271173af0ce1a5e633bdcb13580c	._纤体瘦身话术.docx
15929	docx	218	8ac61cd166741571588cdcef77c34c2f	._睡眠话术.docx
