file_id	extension	size	md5_hash	storage_path	name
9840	png	1150032	963542c9aec6bd82b32674ebdc220efb	96/35/963542c9aec6bd82b32674ebdc220efb.png	image-gen_1783495904328_033a6acf_1.png
9841	jpg	3508395	3dad878822f3254925d414b71e35b40b	3d/ad/3dad878822f3254925d414b71e35b40b.jpg	99999.jpg
9862	docx	36787	b1a04fe88487bdf9562dad3a8c43627a	b1/a0/b1a04fe88487bdf9562dad3a8c43627a.docx	2e30e046e1094b8b9188f5cab0da2fee.docx
10848	jpg	1739758	ac23fe34519738354f1e6a38584ee4b7	ac/23/ac23fe34519738354f1e6a38584ee4b7.jpg	IMG_2420.jpg
10849	jpg	1789735	ec11f55a880febde835025521711a6ab	ec/11/ec11f55a880febde835025521711a6ab.jpg	IMG_2421.jpg
10850	jpg	1525732	a7a55b1f914caa088c5f9fd9d16be3fb	a7/a5/a7a55b1f914caa088c5f9fd9d16be3fb.jpg	IMG_2423.jpg
10944	jpg	367460	a46225c45cfce097c4a90b728f9a2322	a4/62/a46225c45cfce097c4a90b728f9a2322.jpg	2016.jpg
10947	jpg	2974742	4462fa0faf729cf3b535f8016b9efa83	44/62/4462fa0faf729cf3b535f8016b9efa83.jpg	新建文件夹IMG_2412.jpg
10948	jpg	2781678	03532899700a31173864d0202caa5767	03/53/03532899700a31173864d0202caa5767.jpg	新建文件夹IMG_2413.jpg
10949	jpg	3077770	06e97b009b03b46d49cf9e08ec92a517	06/e9/06e97b009b03b46d49cf9e08ec92a517.jpg	新建文件夹IMG_2414.jpg
10950	jpg	1889141	9c374f40945d1b2599ca4183a774e43f	9c/37/9c374f40945d1b2599ca4183a774e43f.jpg	新建文件夹IMG_2415.jpg
10951	jpg	1953235	40b46cbbdb6eb984253dca5d83752388	40/b4/40b46cbbdb6eb984253dca5d83752388.jpg	新建文件夹IMG_2416.jpg
10952	jpg	1952785	f8e55cf038f5f0ac1a7c380343d5421e	f8/e5/f8e55cf038f5f0ac1a7c380343d5421e.jpg	新建文件夹IMG_2417.jpg
10953	jpg	2849834	c8edfadf01905f8940a800e2154eb051	c8/ed/c8edfadf01905f8940a800e2154eb051.jpg	新建文件夹IMG_2418.jpg
10954	jpg	2839351	97d0708048e37590dd265922167a0858	97/d0/97d0708048e37590dd265922167a0858.jpg	新建文件夹IMG_2419.jpg
11034	docx	74	2963a46ab5bc6d9c6e824e8e3a91b427	29/63/2963a46ab5bc6d9c6e824e8e3a91b427.docx	$IL9WRDW.docx
11035	docx	72	2b4827ada7f7c79e8d7f898fe97b312f	2b/48/2b4827ada7f7c79e8d7f898fe97b312f.docx	$IPRXDBZ.docx
11036	docx	14951	e61c413226a106361e66ff97ab6c63b0	e6/1c/e61c413226a106361e66ff97ab6c63b0.docx	$RL9WRDW.docx
11037	docx	15590	c6d49e71d735b196290630ba5aef1dfb	c6/d4/c6d49e71d735b196290630ba5aef1dfb.docx	$RPRXDBZ.docx
11038	docx	15995	2f9b8d5bd2515c9ec1d889be2f45efe7	2f/9b/2f9b8d5bd2515c9ec1d889be2f45efe7.docx	1_美容院执行手册.docx
11039	docx	26639	673a9222614237c0a8bb8ab4f99e34b6	67/3a/673a9222614237c0a8bb8ab4f99e34b6.docx	2020最新全民关注疫情全民增加免疫力模式系统策划案.docx
11040	docx	808285	15594e203d38314576cee805e7d12cc6	15/59/15594e203d38314576cee805e7d12cc6.docx	2020最新拓客模式.docx
11041	doc	47616	6c5588cbc90f1098ba8396a48ac42d1f	6c/55/6c5588cbc90f1098ba8396a48ac42d1f.doc	2020源薇电话销售话术.doc
11042	docx	162	3d3cd847c60a257aca20f62163412ab5	3d/3c/3d3cd847c60a257aca20f62163412ab5.docx	~$全城招商会文案版.docx
11043	doc	162	53010b3862d8e37d1d85e9f840025edb	53/01/53010b3862d8e37d1d85e9f840025edb.doc	~$油惠，微信课堂.doc
11044	docx	16746	93e8caa264ca707fff9309a9908c6522	93/e8/93e8caa264ca707fff9309a9908c6522.docx	《果惠全城、客随果动》爱心招募协议.docx
11045	docx	25133	4d868644c5443dcfcdfe4504ccb44e9a	4d/86/4d868644c5443dcfcdfe4504ccb44e9a.docx	《果惠全城，客随果动》活动合同.docx
11046	docx	12939	696b7a2ec0326cd2c79dc2f51eb5e49a	69/6b/696b7a2ec0326cd2c79dc2f51eb5e49a.docx	代理商年战略合作方案.docx
11047	docx	16095	b37262866ede9b917fa925fe5112a038	b3/72/b37262866ede9b917fa925fe5112a038.docx	代理商沟通话术.docx
11048	docx	13204	e862bdb305c80efb9d6f4056ff62c5a3	e8/62/e862bdb305c80efb9d6f4056ff62c5a3.docx	代理商线下招商流程板块.docx
11049	docx	17533	7872512bfee01713630655c25cce4b86	78/72/7872512bfee01713630655c25cce4b86.docx	代理商话术.docx
11050	docx	17111	1fc696ed405d25068293187c3c01a853	1f/c6/1fc696ed405d25068293187c3c01a853.docx	你们的系统是怎么操作的及合作.docx
11051	docx	16061	c1f643285153a56e8d69ae71705ff25c	c1/f6/c1f643285153a56e8d69ae71705ff25c.docx	公司薪资成本核算明细.docx
11052	docx	24779	16b7444ab843c16899c4860f2f292b8a	16/b7/16b7444ab843c16899c4860f2f292b8a.docx	单邀约合同.docx
11053	doc	40960	46ae3302d465c530e3c3e9b668c18931	46/ae/46ae3302d465c530e3c3e9b668c18931.doc	厂家招商邀约合同.doc
11054	docx	23577	6e117ea0b382247794b756a1fbd4c2ee	6e/11/6e117ea0b382247794b756a1fbd4c2ee.docx	圣菲集广州分公司招商邀约话术.docx
11055	docx	25808	6634d896db59e58aaba7725266124e80	66/34/6634d896db59e58aaba7725266124e80.docx	培训课件.docx
11056	doc	54272	4f969dacc6af4fa0ccdbde47382a5c8a	4f/96/4f969dacc6af4fa0ccdbde47382a5c8a.doc	天天油惠，微信课堂.doc
11057	doc	41984	edb1acdc0010a98866334fe705a77a4f	ed/b1/edb1acdc0010a98866334fe705a77a4f.doc	嫣束招商邀约合同(1).doc
11058	docx	23553	5a95603403402edf9e87f18a1952711b	5a/95/5a95603403402edf9e87f18a1952711b.docx	广州分公司招商邀约话术(1)(1)(1).docx
11059	docx	16845	aaf33fef85fd84f6972dd758b4052e62	aa/f3/aaf33fef85fd84f6972dd758b4052e62.docx	广州龙涛营销策划.docx
11060	docx	14739	0acdb4556ad2b77c2afebc8b3300a061	0a/cd/0acdb4556ad2b77c2afebc8b3300a061.docx	微信认证申请公函.docx
11061	docx	15017	f9c29f0c9cec23ead7d16447148e50e9	f9/c2/f9c29f0c9cec23ead7d16447148e50e9.docx	拓客活动中遇到的疑难问题.docx
11062	doc	52224	bb8d33ad08056af220304342f41e3005	bb/8d/bb8d33ad08056af220304342f41e3005.doc	拓客系统合同.doc
11063	doc	45056	0dec0428522d970b84f8e4fe53505887	0d/ec/0dec0428522d970b84f8e4fe53505887.doc	拓客系统执行细节.doc
11064	docx	28012	6f88d58cc10f4257fdd9b376c0026b18	6f/88/6f88d58cc10f4257fdd9b376c0026b18.docx	招商话术.docx
11065	docx	14011	0b88a8c7dab47d2cd50288b4d62e90f3	0b/88/0b88a8c7dab47d2cd50288b4d62e90f3.docx	招商遇到的问题.docx
11066	docx	24007	ffbb6b252e588e741339524c66119f1c	ff/bb/ffbb6b252e588e741339524c66119f1c.docx	招商邀约话术.docx
11067	docx	16691	9c6f2dadac81fabf4c9fd8025705c65a	9c/6f/9c6f2dadac81fabf4c9fd8025705c65a.docx	1_1_光子床方案.docx
11068	docx	16811	493e742d98b702aa7cf45ef82e4a3541	49/3e/493e742d98b702aa7cf45ef82e4a3541.docx	1_年度战略协议书.docx
11069	docx	64073	940128c02556e15427e3f74e7fb2238e	94/01/940128c02556e15427e3f74e7fb2238e.docx	1_芳草萃和歌丽蒂尔新店方案19800元.docx
11070	docx	61315	14fc282f703fc219274adfd23ea2817a	14/fc/14fc282f703fc219274adfd23ea2817a.docx	1_芳草萃和歌丽蒂尔新店方案9800元.docx
11071	docx	60841	a04d25ce6277ee1b91834b2eb0595ecf	a0/4d/a04d25ce6277ee1b91834b2eb0595ecf.docx	水道美肌品牌答谢方案.docx
11072	docx	64882	776dac66f10eb55aa70d307b872ce414	77/6d/776dac66f10eb55aa70d307b872ce414.docx	芳草萃和歌丽蒂尔方案49800元.docx
11073	docx	14661	15c92d0b10f097ce5fe2689639ca2776	15/c9/15c92d0b10f097ce5fe2689639ca2776.docx	果惠全城、代理商须知手册.docx
11074	docx	14263	79d1673ca9d3681df491164c8172cfe0	79/d1/79d1673ca9d3681df491164c8172cfe0.docx	果惠全城、水果发货注意事项.docx
11075	docx	24772	12184ada41398df63b689238daf1578d	12/18/12184ada41398df63b689238daf1578d.docx	果惠全城招商会文案版.docx
11076	docx	15500	4263af81213576942e4ae1d8d36e7589	42/63/4263af81213576942e4ae1d8d36e7589.docx	歌丽蒂尔6月份个人行程安排及回款出货计划表.docx
11077	docx	24312	42c6dd4c2762ee66197d310cb0dca4ce	42/c6/42c6dd4c2762ee66197d310cb0dca4ce.docx	河北天煜集团招商邀约话术.docx
11078	docx	31268	d9f9d47bfa57ec5bdc1e2af66e1a18fa	d9/f9/d9f9d47bfa57ec5bdc1e2af66e1a18fa.docx	美容院启动培训话术（耿帅).docx
11079	docx	12839	fad6a486522f63d27f2590e6b66d2915	fa/d6/fad6a486522f63d27f2590e6b66d2915.docx	美容院执行手册(1).docx
11080	docx	16829	83b1a060bf06737b300f720e9a74f42c	83/b1/83b1a060bf06737b300f720e9a74f42c.docx	薪资表.docx
11081	docx	49437	60c167050e4aa12a9fa9fb132ad2278a	60/c1/60c167050e4aa12a9fa9fb132ad2278a.docx	龙涛咨询策划.docx
11082	docx	23567	8b7d231eb198ec782ee2ee809c0a4ddd	8b/7d/8b7d231eb198ec782ee2ee809c0a4ddd.docx	龙涛咨询策划三大营销板块.docx
11083	docx	16118	df2158398ab8a72174752a528f204a22	df/21/df2158398ab8a72174752a528f204a22.docx	龙涛策划年度业绩计划.docx
11084	doc	38400	3e7b08713c085c68eb5be665a0d67ecc	3e/7b/3e7b08713c085c68eb5be665a0d67ecc.doc	2021年总代(试）合作协议(1）.doc
11085	doc	26112	1e611eef0a9d2ed6c45c6137772cc841	1e/61/1e611eef0a9d2ed6c45c6137772cc841.doc	单邀约合同.doc
11086	doc	26624	5bfe22e5b821d4374f2d9940ecf9ee99	5b/fe/5bfe22e5b821d4374f2d9940ecf9ee99.doc	单邀约合同1.doc
11087	docx	372415	0b9958efbbf071a97bfeea9763c73db0	0b/99/0b9958efbbf071a97bfeea9763c73db0.docx	厂家打包单邀约合同.docx
11088	doc	26624	4015bef784c0bef0eabc40a20c2a8920	40/15/4015bef784c0bef0eabc40a20c2a8920.doc	极速邀约新店合同.doc
11089	doc	26112	65d35f133d2cf35336ff0dc5086060bb	65/d3/65d35f133d2cf35336ff0dc5086060bb.doc	邀约合同.doc
11090	doc	29696	1b1efd0161b6968d8d18b8899d316aff	1b/1e/1b1efd0161b6968d8d18b8899d316aff.doc	金客盈门合同.doc
11091	docx	20269	90f0b3275083af21310f37bfc77f1e9d	90/f0/90f0b3275083af21310f37bfc77f1e9d.docx	销售业绩达标激励奖励政策(2021年）.docx
11092	doc	16384	7802b0aca80b5a960375b9cdc5db2609	78/02/7802b0aca80b5a960375b9cdc5db2609.doc	为什么说客户价值管理是美容院经营之道.doc
11093	doc	16384	c957b07042222641d2deaf90ae45e826	c9/57/c957b07042222641d2deaf90ae45e826.doc	如何提高美容院顾客的忠诚度.doc
11094	doc	12800	6f7421f63c768fe9951bfbee1d3f4caf	6f/74/6f7421f63c768fe9951bfbee1d3f4caf.doc	客户如何成为美容院的固定资产.doc
11095	doc	15360	b45128b13cb1c4b28953c9fd172756f0	b4/51/b45128b13cb1c4b28953c9fd172756f0.doc	留住美容院新老客户有哪些方法.doc
11096	doc	16384	4c85930fbc34950a18bb3bcad06a4056	4c/85/4c85930fbc34950a18bb3bcad06a4056.doc	美容名店客户管理有哪些要点.doc
11097	doc	15360	bdc3e5da66f2d995ff25e3a6644d5379	bd/c3/bdc3e5da66f2d995ff25e3a6644d5379.doc	美容名店经营管理中有哪些缺憾.doc
11098	doc	16896	2c864f2a4db2d75af5210aa7c3fc4330	2c/86/2c864f2a4db2d75af5210aa7c3fc4330.doc	美容院为什么要建立并巩固消费群体.doc
11099	doc	16384	ba25683b1783774ce874bfbed51088fa	ba/25/ba25683b1783774ce874bfbed51088fa.doc	美容院如何应对客源流失.doc
11100	doc	16896	2be229ce8fa7814a3daaa37cecb36974	2b/e2/2be229ce8fa7814a3daaa37cecb36974.doc	美容院客户为什么会流失.doc
11101	doc	16896	7a529b9a04dc8b8834845d5f66ec53f3	7a/52/7a529b9a04dc8b8834845d5f66ec53f3.doc	美容院建立专业服务该从何处入手.doc
11102	doc	16384	1ced001aad769a40eeb4090f056fb6ca	1c/ed/1ced001aad769a40eeb4090f056fb6ca.doc	为什么美容院开会时间要简短.doc
11103	doc	16896	fc70acab40cce4b9d3a4793e4e0d5e08	fc/70/fc70acab40cce4b9d3a4793e4e0d5e08.doc	小型美容院如何召开女性更年期终端会.doc
11104	doc	16384	6d85937846e297f514ce07de7bb99189	6d/85/6d85937846e297f514ce07de7bb99189.doc	美容院培训员工的方法有.doc
11105	doc	16896	a94e13dffcd1fc5869be323f630a3e18	a9/4e/a94e13dffcd1fc5869be323f630a3e18.doc	美容院培训的真正意义是什么.doc
11106	doc	16896	733b1c4f9e4a81fc1486e4293a0b6fa7	73/3b/733b1c4f9e4a81fc1486e4293a0b6fa7.doc	美容院如何开好晨会.doc
11107	doc	16896	57a2e17b6ba0473ac9c613b84fbc27b0	57/a2/57a2e17b6ba0473ac9c613b84fbc27b0.doc	美容院如何甄别培训师.doc
11108	doc	16384	1c98ff67ba7033e24644053bc6321ae9	1c/98/1c98ff67ba7033e24644053bc6321ae9.doc	美容院如何选择培训课程.doc
11109	doc	18944	74d9eac56515609f63522e6774723e5f	74/d9/74d9eac56515609f63522e6774723e5f.doc	美容院班前会是什么样的流程.doc
11110	doc	16384	5c8737ad6e35a1ca881fad23ccfe8a8a	5c/87/5c8737ad6e35a1ca881fad23ccfe8a8a.doc	美容院班前有哪些准备工作.doc
11111	doc	18944	0f3419af73cd4eb0bc01c96e93aeca41	0f/34/0f3419af73cd4eb0bc01c96e93aeca41.doc	美容院连锁机构如何召开星座终端会.doc
11207	doc	34304	73515c8cf683bbec5297b9e3190eb23d	73/51/73515c8cf683bbec5297b9e3190eb23d.doc	美容院财务管理内容及表格运用.doc
11223	doc	14848	a60e46cd4145008adb84f52b3f9abb69	a6/0e/a60e46cd4145008adb84f52b3f9abb69.doc	美容院充值优惠方案.doc
11247	doc	50688	3d12ade8d3d1d7f24c8280a2e7baf1d5	3d/12/3d12ade8d3d1d7f24c8280a2e7baf1d5.doc	客户管理之美容院美体瘦身登记表.doc
11260	doc	14848	9ede32a466b3a7dde8e453e6d2f5811a	9e/de/9ede32a466b3a7dde8e453e6d2f5811a.doc	美容院目标任务表.doc
11266	doc	13312	3ef60d4f29fb72adea0bef4fb487b737	3e/f6/3ef60d4f29fb72adea0bef4fb487b737.doc	2015年美容院双十二促销活动方案.doc
11267	doc	31744	4f13bfbc67381c89bec19d09d13bab97	4f/13/4f13bfbc67381c89bec19d09d13bab97.doc	2015美容院周年庆活动方案.doc
11268	doc	26342	0ba33dfd2aefce64dce4824cfd8892db	0b/a3/0ba33dfd2aefce64dce4824cfd8892db.doc	2015美容院活动方案(共8篇).doc
11271	doc	24576	6a4affd3431f772d477fd40d21b8a3d3	6a/4a/6a4affd3431f772d477fd40d21b8a3d3.doc	2016美容院开业活动方案.doc
11297	doc	162	dc3404bf7739531a4496e312b26be6cf	dc/34/dc3404bf7739531a4496e312b26be6cf.doc	~$美容院推销技巧.doc
11311	doc	162	dc3404bf7739531a4496e312b26be6cf	dc/34/dc3404bf7739531a4496e312b26be6cf.doc	~$拨筋操作手法.doc
11314	doc	14848	1d5c5a273944c97c6f54b35e8f1378d6	1d/5c/1d5c5a273944c97c6f54b35e8f1378d6.doc	专家坐诊美容院经营病症.doc
11355	doc	93696	420a6c934e3d36497e6ef9205ccb8b82	42/0a/420a6c934e3d36497e6ef9205ccb8b82.doc	美容院专业面部知识讲解话术.doc
11356	doc	86794	986b9d143a7a03b34c3e666ea22cfd8f	98/6b/986b9d143a7a03b34c3e666ea22cfd8f.doc	美容院丰胸知识讲解及销售话术.doc
11357	doc	50688	4b6c195630f31a32cc457dd9b863c948	4b/6c/4b6c195630f31a32cc457dd9b863c948.doc	美容院亚健康及经络讲解话术.doc
11358	doc	110080	0c6d8fe8467791beca370a2815e70afa	0c/6d/0c6d8fe8467791beca370a2815e70afa.doc	美容院产品销售常用话术.doc
11359	doc	70144	8b9cd1404105904c5178ada8cab44a32	8b/9c/8b9cd1404105904c5178ada8cab44a32.doc	美容院会议邀约常用话术.doc
11360	doc	113290	80e0998f29d22984f9c41f37aa0d89d8	80/e0/80e0998f29d22984f9c41f37aa0d89d8.doc	美容院促销常用话术.doc
11361	doc	166400	ae2522c66f50c170a9fd7a2c220c835b	ae/25/ae2522c66f50c170a9fd7a2c220c835b.doc	美容院养生常用话术.doc
11363	doc	96768	e6b450a14f0c977d72b1fd9817cd0841	e6/b4/e6b450a14f0c977d72b1fd9817cd0841.doc	美容院基本话术.doc
11365	doc	84992	8ba66e358d793b4e5f1edc90a04e1958	8b/a6/8ba66e358d793b4e5f1edc90a04e1958.doc	美容院店销常用话术.doc
11366	doc	117760	b46eb27e9d4b06bb6aa49fae0d706e12	b4/6e/b46eb27e9d4b06bb6aa49fae0d706e12.doc	美容院店长常用话术.doc
11367	doc	173568	53963b229227bb696beeab818df222de	53/96/53963b229227bb696beeab818df222de.doc	美容院成交话术.doc
11368	doc	120832	872a3e19f0328605a38f8cfc71d35982	87/2a/872a3e19f0328605a38f8cfc71d35982.doc	美容院拓客话术.doc
11369	doc	137740	4ea608a054fd9040b22186ad467e3cf2	4e/a6/4ea608a054fd9040b22186ad467e3cf2.doc	美容院招商模板常用话术.doc
11370	doc	101120	8e74a6c7c7aa3ec5e00dd43beb6e7623	8e/74/8e74a6c7c7aa3ec5e00dd43beb6e7623.doc	美容院招聘常用话术.doc
11371	doc	129536	8d21c3e80c550b7e000bd479189d892f	8d/21/8d21c3e80c550b7e000bd479189d892f.doc	美容院拜访常用话术.doc
11372	doc	130560	16531382ba5e3ceb7074b698e0fc9f6f	16/53/16531382ba5e3ceb7074b698e0fc9f6f.doc	美容院整形常用话术.doc
11373	doc	93184	34674f1d896d3ca68b5c264d204b3a4d	34/67/34674f1d896d3ca68b5c264d204b3a4d.doc	美容院服务流程及应对话术.doc
11374	doc	188346	12842496366a57e36fecf5eec7be7f69	12/84/12842496366a57e36fecf5eec7be7f69.doc	美容院管理话术.doc
11375	doc	61454	ea7bd89eeae2626f79c045c68c37ec1c	ea/7b/ea7bd89eeae2626f79c045c68c37ec1c.doc	美容院精油知识讲解及销售话术.doc
11376	doc	117248	ee04e5c4bbda0bd50c23b3cb917cb132	ee/04/ee04e5c4bbda0bd50c23b3cb917cb132.doc	美容院终端常用话术.doc
11377	doc	234673	87630ffe4cbff643337f3f87bd5e11a6	87/63/87630ffe4cbff643337f3f87bd5e11a6.doc	美容院经典销售法则及话术.doc
11378	doc	76288	c6d171d39bb48a8ffd10085fd4bb8339	c6/d1/c6d171d39bb48a8ffd10085fd4bb8339.doc	美容院美容导师常用话术.doc
11379	doc	258198	5b5a74b2d6315c507f7c4acb45b1400c	5b/5a/5b5a74b2d6315c507f7c4acb45b1400c.doc	美容院美容师常用话术.doc
11380	doc	205668	037b8e2dce19a93a841c96b67794c54a	03/7b/037b8e2dce19a93a841c96b67794c54a.doc	美容院美容顾问常用话术.doc
11381	doc	62464	7db7c8b903116e7f70602bb2d992b225	7d/b7/7db7c8b903116e7f70602bb2d992b225.doc	美容院节日邀约标准话术.doc
11382	doc	56832	1e3aedd62545c343a571251577809240	1e/3a/1e3aedd62545c343a571251577809240.doc	美容院赞美话术.doc
11383	doc	128512	379602489d68babe600b01de343d4e4f	37/96/379602489d68babe600b01de343d4e4f.doc	美容院身体项目常用话术.doc
11384	doc	106496	d20c7902bd3880c48ee01610072bd20d	d2/0c/d20c7902bd3880c48ee01610072bd20d.doc	美容院邀约标准话术.doc
11385	doc	107081	f02975676973546f0ed9fa9011db9671	f0/29/f02975676973546f0ed9fa9011db9671.doc	美容院金石能量养护项目常用话术.doc
11386	doc	294485	2c44b18544461073da6a188db8f4f37e	2c/44/2c44b18544461073da6a188db8f4f37e.doc	美容院销售常用话术.doc
11387	doc	27136	8ffde309665e211e1a4936a7556f5396	8f/fd/8ffde309665e211e1a4936a7556f5396.doc	美容院问题性皮肤知识讲解话术.doc
11388	doc	104394	71a5a54721c3317cc005cc805e027fe2	71/a5/71a5a54721c3317cc005cc805e027fe2.doc	美容院面试常用话术.doc
11389	doc	152760	22f2cd18f9e7fec9d65eab39e5a91166	22/f2/22f2cd18f9e7fec9d65eab39e5a91166.doc	美容院面部项目常用话术.doc
11390	doc	118784	6b7fbddc28d0f574d16474e2e487fc10	6b/7f/6b7fbddc28d0f574d16474e2e487fc10.doc	美容院高端项目常用话术.doc
11393	doc	100352	50a146c9a210b73231fc088f8ed94012	50/a1/50a146c9a210b73231fc088f8ed94012.doc	2017中秋节美容院促销活动方案.doc
11394	doc	15360	e0b7f54dba00f81ba92f1c1a5e46cb9c	e0/b7/e0b7f54dba00f81ba92f1c1a5e46cb9c.doc	2018年美容院活动方案月计划表.doc
11395	doc	162	afafd67559747ba32ca82669d8861d81	af/af/afafd67559747ba32ca82669d8861d81.doc	~$院的拓展新方案.doc
11396	doc	28672	9e7569e9c17b8cf0e4e616180f4c07ff	9e/75/9e7569e9c17b8cf0e4e616180f4c07ff.doc	美容院开业活动方案.doc
11402	doc	162	f90af249db6e369fe9139c0b2c178e3d	f9/0a/f90af249db6e369fe9139c0b2c178e3d.doc	~$17中秋节美容院促销活动方案.doc
11434	docx	12787	8d123511dd7d6c591278372d1c175f1b	8d/12/8d123511dd7d6c591278372d1c175f1b.docx	什么叫团队.docx
11435	doc	32768	e5a3ee397046c37edb96fbe597475297	e5/a3/e5a3ee397046c37edb96fbe597475297.doc	秒杀.doc
11437	docx	17486	ebe8c9b7cbfa90596192e99d52f2f69b	eb/e8/ebe8c9b7cbfa90596192e99d52f2f69b.docx	惜缘6800方案.docx
11439	doc	186880	93d71ec13522a989551b8d3c70bf2c4e	93/d7/93d71ec13522a989551b8d3c70bf2c4e.doc	晨美国际会场方案.doc
11440	docx	12397	06790f8b582661e6c0ee12cd83891e73	06/79/06790f8b582661e6c0ee12cd83891e73.docx	排毒物料准备.docx
11441	docx	12596	a69191a06f567a630528e678411e44ba	a6/91/a69191a06f567a630528e678411e44ba.docx	排毒营注意事项.docx
11442	doc	45568	706c591959627d333497b62e7ddb482b	70/6c/706c591959627d333497b62e7ddb482b.doc	母婴话术.doc
11444	docx	21795507	5669a7777b1727607449088c5945122e	56/69/5669a7777b1727607449088c5945122e.docx	广西.docx
11445	docx	14346	bb8cc43137fe0a4553f9e4011b9fdea7	bb/8c/bb8cc43137fe0a4553f9e4011b9fdea7.docx	自我介绍.docx
11446	docx	13048	93d43b149691683b61985b3c6074a5c8	93/d4/93d43b149691683b61985b3c6074a5c8.docx	单店排毒营合作及分成标准.docx
11447	docx	34975	442d6bb3b87191cccfbefacfb8d0d483	44/2d/442d6bb3b87191cccfbefacfb8d0d483.docx	八大技术.docx
11448	docx	13049	3a80c4c4372383670a0a9389ac0c954b	3a/80/3a80c4c4372383670a0a9389ac0c954b.docx	关于单店排毒营的合作说明.docx
11449	docx	30433	3ad184a51a11f587b438d5eebb43944f	3a/d1/3ad184a51a11f587b438d5eebb43944f.docx	会员启动流程细则.docx
11450	docx	11097	ada7822c98353765a1069edff96e966e	ad/a7/ada7822c98353765a1069edff96e966e.docx	感觉.docx
11452	docx	11645	4abfa95e14261d06d21e0e85e006d164	4a/bf/4abfa95e14261d06d21e0e85e006d164.docx	排毒营物料准备清单.docx
11453	docx	13083	6cbf92d237cad37288d475d93a7e65b9	6c/bf/6cbf92d237cad37288d475d93a7e65b9.docx	千禧美容养生周年庆年终大回馈.docx
11457	docx	15543	c767e51495ce21e8098ab29ff7e3ab7e	c7/67/c767e51495ce21e8098ab29ff7e3ab7e.docx	员工如何合理的带领.docx
11459	docx	10771037	5f366c726ccbeab677e592b986c882f0	5f/36/5f366c726ccbeab677e592b986c882f0.docx	贵州.docx
11460	doc	12800	ab91395f5583351428adf2b7d3198620	ab/91/ab91395f5583351428adf2b7d3198620.doc	抢单话术1000.doc
11461	docx	26430251	52db080804ca51447937971c704c6eb2	52/db/52db080804ca51447937971c704c6eb2.docx	湖北.docx
11465	docx	16147	c6d5202681532966b5bec26b44e84ea2	c6/d5/c6d5202681532966b5bec26b44e84ea2.docx	健约肠排店内具体操作流程.docx
11466	docx	13443	728cca7322f1bac4a4a914ab38361c59	72/8c/728cca7322f1bac4a4a914ab38361c59.docx	健约酵素产品秒杀单.docx
11467	doc	616960	10e34b4e78ab291f3a1bcc4520e97f55	10/e3/10e34b4e78ab291f3a1bcc4520e97f55.doc	圣菲之美集团私密养生品牌产品培训讲义（修后）.doc
11468	docx	12911511	437105c830b2a98a023d0bd312ee6c7e	43/71/437105c830b2a98a023d0bd312ee6c7e.docx	福建.docx
11469	docx	12120	2ace5b2c2e9564eecac78e7b4d05ea0f	2a/ce/2ace5b2c2e9564eecac78e7b4d05ea0f.docx	培训会流程.docx
11475	docx	20633	22b5aaa05fa8530336e244dae961109a	22/b5/22b5aaa05fa8530336e244dae961109a.docx	微信课堂美容师四部接待法.docx
11476	docx	27255	675262b76464a0f313f7800b0be0d237	67/52/675262b76464a0f313f7800b0be0d237.docx	①微信宣传课件 (自动保存的.docx
11478	doc	29696	820c52afd7f961f9aee9513004b28254	82/0c/820c52afd7f961f9aee9513004b28254.doc	合益管理邀约话术(2).doc
11479	docx	15254	bdc6a8b5766c47345a5d44facf2c3506	bd/c6/bdc6a8b5766c47345a5d44facf2c3506.docx	回访话术.docx
11484	doc	162	dc3404bf7739531a4496e312b26be6cf	dc/34/dc3404bf7739531a4496e312b26be6cf.doc	~$集团简介.doc
11486	docx	16136	0db1a2adee98d778237d08e813623d33	0d/b1/0db1a2adee98d778237d08e813623d33.docx	好的员工如何培养.docx
11487	docx	162	ef6f04ebaba441e7dec53a74e51a349e	ef/6f/ef6f04ebaba441e7dec53a74e51a349e.docx	~$客风暴》招商合同.docx
11488	doc	162	4b24559807dc212291d084d4ef3928a8	4b/24/4b24559807dc212291d084d4ef3928a8.doc	~$龙涛邀约合同.doc
11490	docx	264895	470039cba5c8c5bc0df12c94802056e8	47/00/470039cba5c8c5bc0df12c94802056e8.docx	B2.骨骼（脊椎）的生理结构及功能.docx
11491	doc	56320	18052a4c583caf3c6ce852680d10e4c7	18/05/18052a4c583caf3c6ce852680d10e4c7.doc	会议流程及工作安排.doc
11492	docx	23873	d9f71a2970a3f74d08c96cd03be2f73a	d9/f7/d9f71a2970a3f74d08c96cd03be2f73a.docx	厂家打包单邀约合同.docx
11494	docx	26191	af20edcf2869a2b5b450cefee201628f	af/20/af20edcf2869a2b5b450cefee201628f.docx	《厂家战略》招商合同.docx
11495	docx	14512	5368ce1c81a59e51aaddf02a5b4eb786	53/68/5368ce1c81a59e51aaddf02a5b4eb786.docx	荣耀誓词.docx
11497	doc	162	6fd76865756d81625aaef93cd108f321	6f/d7/6fd76865756d81625aaef93cd108f321.doc	~$邀约合同.doc
11498	doc	10752	3aa2b59ae02b04b055c51a8b54edf72b	3a/a2/3aa2b59ae02b04b055c51a8b54edf72b.doc	会前短信.doc
11499	docx	3157676	f221f7753afcc2c5383af9dd07eb5881	f2/21/f221f7753afcc2c5383af9dd07eb5881.docx	百道筋骨堂中医基础理论.docx
11501	docx	28227	e0aee47e511fbc10df17b9f1a95c636b	e0/ae/e0aee47e511fbc10df17b9f1a95c636b.docx	3天电话话术.docx
11502	docx	18173	be04c87661eb9d1baa940d4e584b4d31	be/04/be04c87661eb9d1baa940d4e584b4d31.docx	云南华世王镞微信亮点铺垫话术(5)(3).docx
11504	doc	69120	184549e2384c117a528d9f5278be0413	18/45/184549e2384c117a528d9f5278be0413.doc	5、顿康口服系列调理好转反应跟踪记录4.doc
11505	docx	32963	b6b036e07569bb1e62fd8c087e7de786	b6/b0/b6b036e07569bb1e62fd8c087e7de786.docx	执行前铺垫祈福话述.docx
11506	doc	40448	e1ed9c5e29d174304c2c427ad979fa7f	e1/ed/e1ed9c5e29d174304c2c427ad979fa7f.doc	邀约合同.doc
11507	doc	23040	abde9784e9891ca5b6d5255f2446d2d4	ab/de/abde9784e9891ca5b6d5255f2446d2d4.doc	脊椎调理套组.doc
11508	docx	11906	c0e2d53b587a4e5e3ed08b36c1c7e31d	c0/e2/c0e2d53b587a4e5e3ed08b36c1c7e31d.docx	诺言排毒体检跟踪表.docx
11510	doc	4096	76dfaebe39b398a6410e530f534dd77f	76/df/76dfaebe39b398a6410e530f534dd77f.doc	._肝胆健康调查问卷.doc
11514	doc	4096	6235d09fc5f40757a30f3afad2dc55a5	62/35/6235d09fc5f40757a30f3afad2dc55a5.doc	._散1、顾客基础信息分析表（美容师填）Microsoft Word 文档.doc
11515	doc	4096	37882b686bac9391b0d94491763bdc74	37/88/37882b686bac9391b0d94491763bdc74.doc	._顿康教案.doc
11518	docx	22361	1bf803b0dd12aad51afae86bd7541a7f	1b/f8/1bf803b0dd12aad51afae86bd7541a7f.docx	龙涛咨询策划三大营销.docx
11519	docx	25474	72f31960f22174735b9ff2b82c83a9db	72/f3/72f31960f22174735b9ff2b82c83a9db.docx	诺言排毒档案封面.docx
11521	doc	64512	83e1313b44a8665e71b674e47181cb79	83/e1/83e1313b44a8665e71b674e47181cb79.doc	4、一滴血前后检测对比记录表.doc
11538	docx	9218	aad81f6331de1c4b7d3a723c8ec0d22a	aa/d8/aad81f6331de1c4b7d3a723c8ec0d22a.docx	越界总监月工作计划表格.docx
11539	doc	29696	58bbfa5f57085e240f64dd0bb38906ea	58/bb/58bbfa5f57085e240f64dd0bb38906ea.doc	金客盈门合同.doc
11540	doc	39424	b5a949e67c29af884307d556502e5993	b5/a9/b5a949e67c29af884307d556502e5993.doc	越界拓客客户回访记录表.doc
11542	doc	24064	01d4ad3324e25da4fa1cb44cc5a1189c	01/d4/01d4ad3324e25da4fa1cb44cc5a1189c.doc	元神头疗调理套组.doc
11543	doc	22016	cd9fc37669488a0bc8e2e5442855d053	cd/9f/cd9fc37669488a0bc8e2e5442855d053.doc	壮腰强肾通养套组.doc
11545	docx	26145	5121bcd2ddbc38175f617fa751bc3c44	51/21/5121bcd2ddbc38175f617fa751bc3c44.docx	店内品项流量店务课程.docx
11546	doc	212992	bdf7a7654ed68a41146f805301f28266	bd/f7/bdf7a7654ed68a41146f805301f28266.doc	中医经络养生.doc
11547	docx	13481	925537ef587951ef5221ec2d3aa3065a	92/55/925537ef587951ef5221ec2d3aa3065a.docx	藏宝图.docx
11548	docx	22252	5659bd436662c16f24e8cebe47c551d7	56/59/5659bd436662c16f24e8cebe47c551d7.docx	温州晨晖招商话术.docx
11550	docx	17372	c685fe7151accfb9813b6b3bb6a3e2a0	c6/85/c685fe7151accfb9813b6b3bb6a3e2a0.docx	藏宝图疑难解答.docx
11551	docx	13321	b7fc549f606c719e0c2d062feff582ed	b7/fc/b7fc549f606c719e0c2d062feff582ed.docx	西安质量店家.docx
11553	docx	12069	7813f844352ea5cbf513293aaceb3c70	78/13/7813f844352ea5cbf513293aaceb3c70.docx	海南参会表.docx
11556	docx	7084	f946a4a7902aef6459f56f0cee53a95f	f9/46/f946a4a7902aef6459f56f0cee53a95f.docx	2020话术.docx
11557	docx	16183	6d47efd64a6f92b87aa6e6733a8554e0	6d/47/6d47efd64a6f92b87aa6e6733a8554e0.docx	2022恩馨第一遍电话邀约话术.docx
11559	docx	162	dc3404bf7739531a4496e312b26be6cf	dc/34/dc3404bf7739531a4496e312b26be6cf.docx	~$课堂，美容院的核心竞争力 (已自动恢复)改编1 (已自动恢复)1.docx
11560	docx	20895	35870aa631c74f23dc2e74a1a86d2248	35/87/35870aa631c74f23dc2e74a1a86d2248.docx	上海龙玺招商话术(1) - 副本.docx
11561	docx	20895	35870aa631c74f23dc2e74a1a86d2248	35/87/35870aa631c74f23dc2e74a1a86d2248.docx	上海龙玺招商话术(2) - 副本.docx
11562	docx	17546	d6bd2c869b3aaeaacd2411b887d80a20	d6/bd/d6bd2c869b3aaeaacd2411b887d80a20.docx	众仁邀约话术(1).docx
11563	docx	16301	6f29abf980e96c94b26af7985e47775e	6f/29/6f29abf980e96c94b26af7985e47775e.docx	2022芮其可可第一遍电话邀约话术.docx
11564	docx	5790	32f4e7bb3aa73353cae4c29b2d7df610	32/f4/32f4e7bb3aa73353cae4c29b2d7df610.docx	产品邀约话术.docx
11565	docx	28762	f564d188e7f426f59beaff9720703ed9	f5/64/f564d188e7f426f59beaff9720703ed9.docx	内蒙景鸿4·16【业绩风暴2.docx
11566	doc	162	593cc5b912313b1c875800eec6eeb00a	59/3c/593cc5b912313b1c875800eec6eeb00a.doc	~$123全免单.doc
11568	docx	16185	0d016580b265c226e493c170952368e7	0d/01/0d016580b265c226e493c170952368e7.docx	2022博淼第一遍电话邀约话术.docx
11570	docx	26850	02cb85439250610dae8dd886830f268c	02/cb/02cb85439250610dae8dd886830f268c.docx	金客盈门执行手册模板仅供参考.docx
11571	docx	24256	496ca4a8304b027cb7f56855bec69633	49/6c/496ca4a8304b027cb7f56855bec69633.docx	龙涛咨询策划三大营销板块.docx
11572	docx	22188	0d4b11a4b4d2cf2309337166974077fe	0d/4b/0d4b11a4b4d2cf2309337166974077fe.docx	龙涛咨询策划.docx
11573	docx	15020	67a637e606c6acfdfecf466236ea3334	67/a6/67a637e606c6acfdfecf466236ea3334.docx	龙玺回访话术纲要.docx
11575	docx	54289	f425be371daa9ef2af517b67e41cf770	f4/25/f425be371daa9ef2af517b67e41cf770.docx	3月会议2.98万方案.docx
11576	docx	15128	6f88f151e404acd13eea9c24f9656716	6f/88/6f88f151e404acd13eea9c24f9656716.docx	5月16-17号会议流程.docx
11577	doc	25600	2b5e65063fb50b06f904cf5dbd9774a2	2b/5e/2b5e65063fb50b06f904cf5dbd9774a2.doc	单邀约合同11.doc
11578	docx	6766	8aa5406b28b246f8fbf07eab8208022c	8a/a5/8aa5406b28b246f8fbf07eab8208022c.docx	龙涛咨询策划三大营销板块1.docx
11588	docx	14848	a8af47143808122e9a2db5741f8fb23e	a8/af/a8af47143808122e9a2db5741f8fb23e.docx	荣耀誓词.docx
11596	doc	53248	47f4c2565b1e2ac6764aa046b5358b93	47/f4/47f4c2565b1e2ac6764aa046b5358b93.doc	会议流程.doc
11597	docx	14828	396c798ba7b304d26024db9b0ef8f2c8	39/6c/396c798ba7b304d26024db9b0ef8f2c8.docx	荣耀誓词.docx
11598	docx	162	64200083ecf413aa29ca3b526f350ddc	64/20/64200083ecf413aa29ca3b526f350ddc.docx	~$课堂，美容院的核心竞争力 (已自动恢复)改编1 (已自动恢复)1.docx
11599	doc	26112	d326364dfaa171a402c8621d002e7029	d3/26/d326364dfaa171a402c8621d002e7029.doc	奖券-反.doc
11600	docx	162	dc3404bf7739531a4496e312b26be6cf	dc/34/dc3404bf7739531a4496e312b26be6cf.doc	~$店家破冰电话沟通.docx
11601	docx	19342	f05bcc1dd0e7371c1adcbfc9e2c0b3ef	f0/5b/f05bcc1dd0e7371c1adcbfc9e2c0b3ef.docx	宝姿美容美发拓客方案.docx
11602	docx	17166	3bc0a45b48cb385d238750ea371886a0	3b/c0/3bc0a45b48cb385d238750ea371886a0.docx	2024第一遍电话邀约话术(1).docx
11611	docx	456347	ddb85b0eede1d0bcd49dbbea25a9bf95	dd/b8/ddb85b0eede1d0bcd49dbbea25a9bf95.docx	抖音团购图片设计2.23.docx
11612	docx	1003964	dc548c8aeb3131201dee1ed024f3a33d	dc/54/dc548c8aeb3131201dee1ed024f3a33d.docx	团购链接新图设计12.12.docx
11613	docx	13579	171f526573b281db072a4c82fdca43e7	17/1f/171f526573b281db072a4c82fdca43e7.docx	回访话术纲要(1)22.docx
11615	docx	16081	6925aad2681b1beb6bca2a10a3e68039	69/25/6925aad2681b1beb6bca2a10a3e68039.docx	寻找效果·代言顾客洛陶美容.docx
11616	docx	11480	5ab7acdb9f488652d0cdfddd4be33a15	5a/b7/5ab7acdb9f488652d0cdfddd4be33a15.docx	高盛达营销.docx
11617	doc	29696	5cafb4f9ab2f705aae3487d661949e37	5c/af/5cafb4f9ab2f705aae3487d661949e37.doc	金客盈门拓客合同.doc
11618	docx	16900	63526f152a687d0e39cb5ebf86a4eac8	63/52/63526f152a687d0e39cb5ebf86a4eac8.docx	鑫妍方案.docx
11624	docx	14538	866cef0960d0003ad6a8e76622b91df3	86/6c/866cef0960d0003ad6a8e76622b91df3.docx	拓客话术.docx
11626	docx	19441	3c5b612313d515747664eab3e26f743f	3c/5b/3c5b612313d515747664eab3e26f743f.docx	电话话术回访.docx
11629	doc	26624	f1b996ca6e085f1df311b2d6d11c325b	f1/b9/f1b996ca6e085f1df311b2d6d11c325b.doc	养生系统9.doc
11632	doc	26112	0162f157d9b9e326477077f61504c5d4	01/62/0162f157d9b9e326477077f61504c5d4.doc	养生项目的搭配原则13.doc
11634	doc	27136	6c13bc506512b2d9c285ae2eedbb5d9e	6c/13/6c13bc506512b2d9c285ae2eedbb5d9e.doc	养生理疗7.doc
11636	docx	274	4e2b7c30db0043d8109c379e7a1dd82b	4e/2b/4e2b7c30db0043d8109c379e7a1dd82b.docx	._各类活动话术9.docx
11651	docx	16542	97ec96eb3193fb8133341895ad26fcd4	97/ec/97ec96eb3193fb8133341895ad26fcd4.docx	微信课堂主持稿.docx
11654	docx	12323	46344aee3480673abbdfb52b633ba9f1	46/34/46344aee3480673abbdfb52b633ba9f1.docx	第一遍电话沟通.docx
11661	docx	18641	6694315fc0045e5b272c81f739010946	66/94/6694315fc0045e5b272c81f739010946.docx	祛斑招商话术.docx
11669	docx	274	c360e4f8adfcd84e985c3539e7649686	c3/60/c360e4f8adfcd84e985c3539e7649686.docx	._黑头相关专业话术4.docx
11672	doc	27648	2befe5939e11709b2ef65871ec301193	2b/ef/2befe5939e11709b2ef65871ec301193.doc	美容院如何做好纳客系统.doc
11691	docx	20188	ffd7e06dafac4f2d51c4780b06c760a2	ff/d7/ffd7e06dafac4f2d51c4780b06c760a2.docx	江西 丰彩招商回放表格1.docx
11707	docx	21705	bb2bfe3b15812707c4441b3b32968f0c	bb/2b/bb2bfe3b15812707c4441b3b32968f0c.docx	美容院如何对人员，客户，品项.docx
11713	doc	827904	ba81c8211c257778e08f073cee1f12d9	ba/81/ba81c8211c257778e08f073cee1f12d9.doc	2019双核爆店系统方案.doc
11721	doc	24064	18cd5f512444718bcfd6d49046e82c3c	18/cd/18cd5f512444718bcfd6d49046e82c3c.doc	模式邀约合同(2)(4).doc
11723	docx	22960	1fc0709b0f7bff93a66c74e8fab4791f	1f/c0/1fc0709b0f7bff93a66c74e8fab4791f.docx	千店计划极速邀约模板仅供参考.docx
11762	docx	25996	0216552607a457484a4550e28822e4d9	02/16/0216552607a457484a4550e28822e4d9.docx	员工薪资制度.docx
11764	docx	20287	7703ef83aa42af44f98651f932f96ab6	77/03/7703ef83aa42af44f98651f932f96ab6.docx	启动培训话术.docx
11775	docx	15718	64a59fae5a9eb5f315297128b28afda7	64/a5/64a59fae5a9eb5f315297128b28afda7.docx	深州 百嘉莉(1).docx
11776	docx	14949	447db9b79818c62eba2afe16de1a0e69	44/7d/447db9b79818c62eba2afe16de1a0e69.docx	子午流注.docx
11778	docx	13891	212eee8ee9426373ba99bbe6bc569f31	21/2e/212eee8ee9426373ba99bbe6bc569f31.docx	六分钟激情法.docx
11779	docx	15698	149fe808c5f8f59f4f974583681d97f9	14/9f/149fe808c5f8f59f4f974583681d97f9.docx	第一遍沟通.docx
11780	docx	12827	b864dc3241b91bc868faa6fbc32e1f53	b8/64/b864dc3241b91bc868faa6fbc32e1f53.docx	荣耀丽湾.docx
11781	docx	24601	b9d93b4fd5aa87877c85219adf3631db	b9/d9/b9d93b4fd5aa87877c85219adf3631db.docx	A客风暴 (微信课堂).pptx.docx
11782	doc	56320	152d6346e3ace1ed923ce2e5fb9d9f2e	15/2d/152d6346e3ace1ed923ce2e5fb9d9f2e.doc	会议流程及工作安排.doc
11783	docx	13722	1250b4cc3568abb3875445db81941dfc	12/50/1250b4cc3568abb3875445db81941dfc.docx	省级招商会议合作标准.docx
11784	docx	24696	bc0aff52296cea3e434f0922aca8c019	bc/0a/bc0aff52296cea3e434f0922aca8c019.docx	讲课.docx
11786	docx	162	7feab82449a808966641186b817b8edc	7f/ea/7feab82449a808966641186b817b8edc.docx	~$品项流量店务课程.docx
11787	doc	34304	3132df756502edacfb307565dd8ec690	31/32/3132df756502edacfb307565dd8ec690.doc	招商会服务条款.doc
11788	docx	162	dc3404bf7739531a4496e312b26be6cf	dc/34/dc3404bf7739531a4496e312b26be6cf.doc	~$信课堂主持稿.docx
11789	docx	26998	f2981182e2a810ef9efc00493929c438	f2/98/f2981182e2a810ef9efc00493929c438.docx	微信课堂，美容院的核心竞争力 (已自动恢复)改编1 (已自动恢复)1.docx
11790	docx	15742	8e75ac4986c13ba6f0f8d7b9949b53b2	8e/75/8e75ac4986c13ba6f0f8d7b9949b53b2.docx	招商会前准备工作.docx
11791	docx	162	dc3404bf7739531a4496e312b26be6cf	dc/34/dc3404bf7739531a4496e312b26be6cf.doc	~$课堂，美容院的核心竞争力 (已自动恢复)改编1 (已自动恢复)1.docx
11792	docx	162	f3a6d173ef56c34fca6a83596043d0fa	f3/a6/f3a6d173ef56c34fca6a83596043d0fa.docx	~$员工管理招聘.docx
11793	doc	322048	8c54b14797f264b963a285675eabd508	8c/54/8c54b14797f264b963a285675eabd508.doc	合肥智颜3.29参会表(1)(1).doc
11794	doc	38912	7356769fd90b19d9d4cf7e04a202a640	73/56/7356769fd90b19d9d4cf7e04a202a640.doc	微信课堂.doc
11795	docx	162	dc3404bf7739531a4496e312b26be6cf	dc/34/dc3404bf7739531a4496e312b26be6cf.doc	~$新纳客策划案.docx
11797	docx	162	f2b05070e791fb20018981a37b9cc2ad	f2/b0/f2b05070e791fb20018981a37b9cc2ad.docx	~$风暴 (微信课堂).pptx.docx
11798	docx	19108	e32f817253f233411b4d6ed8fee1d41c	e3/2f/e32f817253f233411b4d6ed8fee1d41c.docx	江西招商回放表格.docx
11799	docx	11203	ef182da553dac9bc79bffacbe4eba295	ef/18/ef182da553dac9bc79bffacbe4eba295.docx	上海越界活动清单(1).docx
11800	docx	14472	55301d5264aede3973b180674c67b348	55/30/55301d5264aede3973b180674c67b348.docx	美容院开业剪彩主持稿.docx
11801	doc	48640	ee1db118e717c9b045e807906c62bf00	ee/1d/ee1db118e717c9b045e807906c62bf00.doc	客满天下微信课堂.doc
11802	docx	28302	9ff337b1daa8d15723189e9193208b5c	9f/f3/9ff337b1daa8d15723189e9193208b5c.docx	纳客资料.docx
11803	docx	162	e3c2526d023366036a80c2a86fd604ce	e3/c2/e3c2526d023366036a80c2a86fd604ce.docx	~$下店工作流程.docx
11804	docx	15754	12d78a85a43cff7f2c55688d2e557567	12/d7/12d78a85a43cff7f2c55688d2e557567.docx	美疗师接待流程.docx
11805	doc	162	dc3404bf7739531a4496e312b26be6cf	dc/34/dc3404bf7739531a4496e312b26be6cf.doc	~$19双核爆店系统方案.doc
11806	doc	44544	162a5d59d990511d4f960222669cf7b7	16/2a/162a5d59d990511d4f960222669cf7b7.doc	销售话术.doc
11807	docx	15718	64a59fae5a9eb5f315297128b28afda7	64/a5/64a59fae5a9eb5f315297128b28afda7.docx	深州 百嘉莉(1).docx
11808	docx	19026	6454c70e6cd3bdec8cb06cc1181ace1c	64/54/6454c70e6cd3bdec8cb06cc1181ace1c.docx	员工管理招聘.docx
11809	doc	23040	a5bfdf899e282c817e334f124683f33d	a5/bf/a5bfdf899e282c817e334f124683f33d.doc	吸客宝美容活动前协议.doc
11810	docx	27890	6f6822d6f2d981120e662d484c637be3	6f/68/6f6822d6f2d981120e662d484c637be3.docx	最新纳客策划案.docx
11811	docx	482955	71ffb944a5f97943ade92bfe954291e3	71/ff/71ffb944a5f97943ade92bfe954291e3.docx	重庆盛妆.docx
11812	docx	13321	b7fc549f606c719e0c2d062feff582ed	b7/fc/b7fc549f606c719e0c2d062feff582ed.docx	西安质量店家.docx
11813	docx	20188	ffd7e06dafac4f2d51c4780b06c760a2	ff/d7/ffd7e06dafac4f2d51c4780b06c760a2.docx	江西 丰彩招商回放表格1.docx
11814	docx	28721	499f463984f1c039c0072813d91e6729	49/9f/499f463984f1c039c0072813d91e6729.docx	美容院启动培训话术（耿帅).docx
11815	doc	15360	6d1aba685d5eb6267bb6a84044251517	6d/1a/6d1aba685d5eb6267bb6a84044251517.doc	1.2折---1张.doc
11816	doc	15360	431d770ae3c9014c5eccddf70117e0a0	43/1d/431d770ae3c9014c5eccddf70117e0a0.doc	1.3折---1张.doc
11817	doc	15360	64fd4ae26d99b961c8ec6d7401eb781c	64/fd/64fd4ae26d99b961c8ec6d7401eb781c.doc	1.5折---1张.doc
11819	docx	349020	f4f12a1dde5c73fea673b49dc465dddd	f4/f1/f4f12a1dde5c73fea673b49dc465dddd.docx	户外活动申请.docx
11820	doc	56320	73b6728761b2dd16f7023916ef97e74e	73/b6/73b6728761b2dd16f7023916ef97e74e.doc	会议流程及工作安排.doc
11821	docx	12904	312a239b53763383f4c30ef9f114bb5c	31/2a/312a239b53763383f4c30ef9f114bb5c.docx	个人工资收入证明.docx
11822	doc	103936	a2f6ef001d21525deaabb84d0560e579	a2/f6/a2f6ef001d21525deaabb84d0560e579.doc	周年庆典执行手册.doc
11825	docx	19273	181e6717681c761da5ec02fd271e1e5b	18/1e/181e6717681c761da5ec02fd271e1e5b.docx	纤丽堂瘦身养生拓客方案.docx
11826	docx	14910	fe138b9d475859bd988cb3ad3fdb2bf5	fe/13/fe138b9d475859bd988cb3ad3fdb2bf5.docx	活动清单.docx
11827	doc	371911	b9ca44d6452a2478f3420de151290191	b9/ca/b9ca44d6452a2478f3420de151290191.doc	越界会议执行手册.doc
11828	doc	38912	55c40b74b34dff6267f6596bc88059c6	55/c4/55c40b74b34dff6267f6596bc88059c6.doc	跟代理商的沟通336.doc
11829	doc	26624	9433064220d059ca7e09859830d8cfbf	94/33/9433064220d059ca7e09859830d8cfbf.doc	魅力再现回执单 打印70份.doc
11830	doc	11776	646044bc0e93212043cb99b1ae1c76df	64/60/646044bc0e93212043cb99b1ae1c76df.doc	集团简介.doc
11831	docx	13521	eb56b9f0d4e990e2bc283357e558ae99	eb/56/eb56b9f0d4e990e2bc283357e558ae99.docx	圣龙策划奖惩制度.docx
11832	docx	13385	56f0ee7ca88e6cf327d31bf1e013a1d3	56/f0/56f0ee7ca88e6cf327d31bf1e013a1d3.docx	圣龙策划薪资制度(1).docx
11833	doc	28672	f9db1c481a5b517ea41b3fcf1ec24ee0	f9/db/f9db1c481a5b517ea41b3fcf1ec24ee0.doc	奖项细则---5张.doc
11834	doc	162	645d6a75e721ba4fbe142467471ed5aa	64/5d/645d6a75e721ba4fbe142467471ed5aa.doc	~$节更改责任表.doc
11835	doc	162	01fae2d4e3ad49c32b89e2843d0d9c60	01/fa/01fae2d4e3ad49c32b89e2843d0d9c60.doc	~$板单邀约合同.doc
11836	doc	33792	b9826d66800d6d4dd83aa115c2da089a	b9/82/b9826d66800d6d4dd83aa115c2da089a.doc	细节更改责任表.doc
11837	doc	14848	4c28994dcd828ccd45104f5ea39a41d6	4c/28/4c28994dcd828ccd45104f5ea39a41d6.doc	1折---2张.doc
11838	docx	20537	5f3b3b67be90eb86f8e9b4ce9b60bd85	5f/3b/5f3b3b67be90eb86f8e9b4ce9b60bd85.docx	厂家合同.docx
11839	doc	23552	d12331dbe0387f13c0caae96913ebf04	d1/23/d12331dbe0387f13c0caae96913ebf04.doc	回执单.doc
11840	doc	12800	403b83d98bdf748efcd461e773191f50	40/3b/403b83d98bdf748efcd461e773191f50.doc	军事口令.doc
11841	docx	15377	3052cf2349e46af74cffe485464bfdd5	30/52/3052cf2349e46af74cffe485464bfdd5.docx	各大能力训练框架.docx
11842	docx	23105	3a75b5bbaa6b81de00d965363e6b6ce1	3a/75/3a75b5bbaa6b81de00d965363e6b6ce1.docx	圣菲之美云南分公司招商话术.docx
11843	docx	25522	dc81a6c929db1ca6c429781bc3546319	dc/81/dc81a6c929db1ca6c429781bc3546319.docx	圣菲之美云南分公司招商话术1.docx
11844	doc	162	dc3404bf7739531a4496e312b26be6cf	dc/34/dc3404bf7739531a4496e312b26be6cf.doc	~$折---1张.doc
11845	doc	15360	1b3f09aa9b62a8788588f80c3948e2fc	1b/3f/1b3f09aa9b62a8788588f80c3948e2fc.doc	2折---1张.doc
11846	docx	17647	50dc73cd170db91c2453b49a7f923617	50/dc/50dc73cd170db91c2453b49a7f923617.docx	安植禡玳品牌邀约招商话术.docx
11847	doc	44032	0af9f8ef98f4c38a6efd8ee6a89a27ee	0a/f9/0af9f8ef98f4c38a6efd8ee6a89a27ee.doc	会务客户回访记录表.doc
11848	doc	35328	2bd52d067c0fb45dd0da99060fb7ac5e	2b/d5/2bd52d067c0fb45dd0da99060fb7ac5e.doc	业绩报表.doc
11850	doc	23040	21a7bb2ad09fb63e56fbe4418361a5bd	21/a7/21a7bb2ad09fb63e56fbe4418361a5bd.doc	跟代理商的沟通11.doc
11851	doc	37376	7ec8ea6094f68e2adcf764d642108404	7e/c8/7ec8ea6094f68e2adcf764d642108404.doc	打板单邀约合同.doc
11852	docx	17180	8a38a00e785e6e393bb62b72c467d31f	8a/38/8a38a00e785e6e393bb62b72c467d31f.docx	微信课堂主持稿.docx
11854	doc	211968	251762feb13198cca15fdb4582dff75f	25/17/251762feb13198cca15fdb4582dff75f.doc	1000元确认单.doc
11855	doc	36864	245afb209d31ffa35d3aa250850d5a82	24/5a/245afb209d31ffa35d3aa250850d5a82.doc	模式单邀约合同(2).doc
11856	doc	92672	ee40ae9033074832224c6f2c0d1164f1	ee/40/ee40ae9033074832224c6f2c0d1164f1.doc	费用报销制度及流程.doc
11857	docx	162	3d369f662f8a89779c0761a6c82e75aa	3d/36/3d369f662f8a89779c0761a6c82e75aa.docx	~$课堂美容师四部接待法.docx
11858	docx	162	dc3404bf7739531a4496e312b26be6cf	dc/34/dc3404bf7739531a4496e312b26be6cf.doc	~$课堂，美容院的核心竞争力 (已自动恢复)改编.docx
11859	docx	17442	4bfe4b52b3f9e32e1ab02eac158420ed	4b/fe/4bfe4b52b3f9e32e1ab02eac158420ed.docx	家居产品提升.docx
11860	docx	162	dc3404bf7739531a4496e312b26be6cf	dc/34/dc3404bf7739531a4496e312b26be6cf.doc	~$课堂，美容院的核心竞争力.docx
11861	docx	24352	82c584a18353954819616a970dc13526	82/c5/82c584a18353954819616a970dc13526.docx	微信课堂，美容院的核心竞争力 (已自动恢复)改编.docx
11862	docx	29582	8b92ff9690e085ce003b4c4054bfc80d	8b/92/8b92ff9690e085ce003b4c4054bfc80d.docx	赚得宝 +邀约 合同.docx
11863	doc	38912	359b09154896714d2a666ea32d67c6ad	35/9b/359b09154896714d2a666ea32d67c6ad.doc	5.doc
11864	doc	77312	d57e660e3646d956fafcb1cc9706f17b	d5/7e/d57e660e3646d956fafcb1cc9706f17b.doc	2018招商物料.doc
11865	docx	23527	e2b1b269de3d940e9d921a546a7080f4	e2/b1/e2b1b269de3d940e9d921a546a7080f4.docx	微信课堂，美容院的核心竞争力.docx
11866	docx	19128	93e2946922dac781c4e046357283f3e4	93/e2/93e2946922dac781c4e046357283f3e4.docx	美容院品项如何做好宣传.docx
11867	docx	12908	2c41f62f441129390a6861131d7e1519	2c/41/2c41f62f441129390a6861131d7e1519.docx	电话资料登记表.docx
11868	docx	162	b26a7715d326cf77488aede90836d76f	b2/6a/b26a7715d326cf77488aede90836d76f.docx	~$微信宣传课件.docx
11869	docx	28977	b20b62289aa772b0e5c503b89b1c0bf1	b2/0b/b20b62289aa772b0e5c503b89b1c0bf1.docx	大师兄微信课堂宣传.docx
11870	docx	22711	04d53e3e7cf1658dff1618078f8be4e3	04/d5/04d53e3e7cf1658dff1618078f8be4e3.docx	美容院，如何才能够百分百得提高进店得人头数量.docx
11871	docx	162	582ce888e159d291007d4a3733f1f890	58/2c/582ce888e159d291007d4a3733f1f890.docx	~$策划案.docx
11872	docx	15880	aa821b0b74a625397d130c874d01a7af	aa/82/aa821b0b74a625397d130c874d01a7af.docx	策划案.docx
11873	docx	25055	dcf1dac0534c1e8a8e6a3bed21d028d6	dc/f1/dcf1dac0534c1e8a8e6a3bed21d028d6.docx	①微信宣传课件.docx
11874	docx	162	2a3a6c8261712cfab375debac23b9ed8	2a/3a/2a3a6c8261712cfab375debac23b9ed8.docx	~$院品项如何做好宣传.docx
11875	docx	516259	ecdf08f2419fc480c91a2d92bbbd7639	ec/df/ecdf08f2419fc480c91a2d92bbbd7639.docx	微信课堂  美容师四周考核法(1).docx
11876	docx	515498	9e177752e6c0f536da456622c66f26b3	9e/17/9e177752e6c0f536da456622c66f26b3.docx	美容师的管理收心计划.docx
11877	docx	14477	b358d86b2162405d701e238054ebbd3e	b3/58/b358d86b2162405d701e238054ebbd3e.docx	荣耀誓词.docx
11878	doc	54784	be3afad8e83fb3a97bf97d849d6d3627	be/3a/be3afad8e83fb3a97bf97d849d6d3627.doc	会议流程及工作安排.doc
11879	docx	517744	4efaf24f5974ff4dfe4872b72e7a5e7f	4e/fa/4efaf24f5974ff4dfe4872b72e7a5e7f.docx	abc类客情维护(2).docx
11880	docx	27083	5bac215064d1af9d3c1d64f659cf493a	5b/ac/5bac215064d1af9d3c1d64f659cf493a.docx	美容院如何快速的提升店内家居类产品.docx
11884	docx	13275	7d8af0c0d3872abcda54cca233e7d50c	7d/8a/7d8af0c0d3872abcda54cca233e7d50c.docx	水光闺蜜卡拓客.docx
11886	doc	34816	732663298bfa5a86ca85eac3a0a7b152	73/26/732663298bfa5a86ca85eac3a0a7b152.doc	2019母婴电话销售话术.doc
11887	doc	162	dc3404bf7739531a4496e312b26be6cf	dc/34/dc3404bf7739531a4496e312b26be6cf.doc	~$母婴回访话术.doc
11888	doc	42496	1199ad0deaa957901ed3e4f6921275f0	11/99/1199ad0deaa957901ed3e4f6921275f0.doc	123全免单.doc
11889	docx	12788	03834f00beeadfdea2d5aa0ef9a1d3f7	03/83/03834f00beeadfdea2d5aa0ef9a1d3f7.docx	财富会现场歌丽蒂尔品牌方案(2).docx
11890	docx	25539	ed893811e22f15e79592cb73f86f6186	ed/89/ed893811e22f15e79592cb73f86f6186.docx	店务.docx
11891	docx	14645	ca0741a23ba1b42178d50cc5e04aae02	ca/07/ca0741a23ba1b42178d50cc5e04aae02.docx	容胜宣言.docx
11892	docx	15654	97ca3eb550353e576d3bc98fd1adefb7	97/ca/97ca3eb550353e576d3bc98fd1adefb7.docx	并不是每一次的分离都能相遇.docx
11893	docx	7187937	7b4d7d058839c083b76e7136d08bf4c5	7b/4d/7b4d7d058839c083b76e7136d08bf4c5.docx	甘肃.docx
11894	docx	17983	d05c6b3abef2365dc5c0ddc984e5b6ed	d0/5c/d05c6b3abef2365dc5c0ddc984e5b6ed.docx	主持.docx
11895	doc	44032	24df65f357cfca7e0e3b2ccbc243f0b9	24/df/24df65f357cfca7e0e3b2ccbc243f0b9.doc	圣菲广州分公司招商话术.doc
11896	doc	40448	a39d769a1c1b3952fe114c846c504a79	a3/9d/a39d769a1c1b3952fe114c846c504a79.doc	母婴回访话术.doc
11897	docx	17343	d1ecd4036aaf46bd4bc15d1590615727	d1/ec/d1ecd4036aaf46bd4bc15d1590615727.docx	123全免单回访话术.docx
11898	docx	4554568	83675e9afb7138eb5520e107b2f7a541	83/67/83675e9afb7138eb5520e107b2f7a541.docx	海南.docx
11899	docx	13256	6fbe13a3f3a68a40790e08da4d42766f	6f/be/6fbe13a3f3a68a40790e08da4d42766f.docx	3A客满天下操作方式.docx
11900	doc	162	c57b5a7a24bc4ef8a8f50492145ec6a9	c5/7b/c57b5a7a24bc4ef8a8f50492145ec6a9.doc	~$邀约合同1.doc
11901	docx	25859	d7d3a5a16d48726782d840da385f7c41	d7/d3/d7d3a5a16d48726782d840da385f7c41.docx	微信课堂，美容院的核心竞争力 (已自动恢复)改编1.docx
11902	docx	18733	26cbc02c6e3f70e42eb718653efa458c	26/cb/26cbc02c6e3f70e42eb718653efa458c.docx	电话话术回访.docx
11903	doc	37376	edf1277295f2b3dbb542f69c8e0859dd	ed/f1/edf1277295f2b3dbb542f69c8e0859dd.doc	邀约合同1.doc
11904	doc	37888	6001ac60e2ba90c0afd88e388391cf74	60/01/6001ac60e2ba90c0afd88e388391cf74.doc	邀约合同.doc
11905	docx	16045	a136d76a116d8377ec8bd09f82c6f34b	a1/36/a136d76a116d8377ec8bd09f82c6f34b.docx	下店坐诊流程.docx
11906	docx	162	88496579aca8a139a87fd36f592739b0	88/49/88496579aca8a139a87fd36f592739b0.docx	~$打包单邀约合同.docx
11907	docx	13535	7715cc1cc64cc0b3c37b606b08e72c6b	77/15/7715cc1cc64cc0b3c37b606b08e72c6b.docx	加盟方案.docx
11908	docx	18667	1072f56f585d1b0f243b7d235f75568e	10/72/1072f56f585d1b0f243b7d235f75568e.docx	单店排毒营会议流程及合作细节.docx
11909	docx	13863	ec081e5f489536d599af95ed01fecba0	ec/08/ec081e5f489536d599af95ed01fecba0.docx	美容院里4类客人.docx
11910	docx	13903	c7e4f15d8b650fccdc9f4b7c290642ed	c7/e4/c7e4f15d8b650fccdc9f4b7c290642ed.docx	排毒沙龙公益讲座会议流程.docx
11912	docx	12608	c1b33ef139cadb8615356099efcbe976	c1/b3/c1b33ef139cadb8615356099efcbe976.docx	排毒营会前会.docx
11913	docx	126005	895152729a185443e0387275571fdfdd	89/51/895152729a185443e0387275571fdfdd.docx	标准下店工作流程.docx
11914	docx	22386	cf54340a85b8c87d6cb3804dec8902fb	cf/54/cf54340a85b8c87d6cb3804dec8902fb.docx	排毒营后21天跟踪法则.docx
11915	doc	150315	7bc95ee27332f8afe749f5151d76ebb7	7b/c9/7bc95ee27332f8afe749f5151d76ebb7.doc	天禾丽美健约酵素培训教案.doc
11916	doc	44032	ee232a6b5d947c0e081ba84d47996265	ee/23/ee232a6b5d947c0e081ba84d47996265.doc	好转反应.doc
11918	doc	32256	6aef8490f51af8b48421ac0ffe521574	6a/ef/6aef8490f51af8b48421ac0ffe521574.doc	卖门票九步曲.doc
11920	docx	12325	97ec81e03bd2f4fe59e8ba8aa5950774	97/ec/97ec81e03bd2f4fe59e8ba8aa5950774.docx	排毒营物料准备.docx
11921	docx	29066585	37a4db5ffb779249834c20558ecdc97f	37/a4/37a4db5ffb779249834c20558ecdc97f.docx	浙江.docx
11922	pdf	379797	ff79eed31d778c16f452441827393b56	ff/79/ff79eed31d778c16f452441827393b56.pdf	Sports_Sounds_Pro_(现场演出音乐播放软件使用说明).pdf
11924	docx	13744	9fa2ec718e1cd4c67037f8d87defc261	9f/a2/9fa2ec718e1cd4c67037f8d87defc261.docx	第一遍电话邀约话术.docx
11925	docx	9267386	e48d2556978e947fb81774fb76f4ae85	e4/8d/e48d2556978e947fb81774fb76f4ae85.docx	上海.docx
11927	doc	22016	8c42f97ac6daf4eb1c5942ed91e0cb0b	8c/42/8c42f97ac6daf4eb1c5942ed91e0cb0b.doc	135启动工程.doc
11928	docx	17487558	aeb35bfcac811d420fb0a6323a75bfb7	ae/b3/aeb35bfcac811d420fb0a6323a75bfb7.docx	安徽.docx
11929	docx	133216	01d4c80dbd3928e3ff522764c4abb4dd	01/d4/01d4c80dbd3928e3ff522764c4abb4dd.docx	私密文字课程白鹤.docx
11930	docx	12976	5c1f95fa85a4ed354af9a0346ad2ce7e	5c/1f/5c1f95fa85a4ed354af9a0346ad2ce7e.docx	歌丽蒂尔2018年末招商特惠方案.docx
11933	docx	12950	7f6154ec92331a532296341ba8e7574e	7f/61/7f6154ec92331a532296341ba8e7574e.docx	歌丽蒂尔招商会方案.docx
11934	doc	4096	f9a6a3fc0b63b1789dbfcdd64252368b	f9/a6/f9a6a3fc0b63b1789dbfcdd64252368b.doc	._日志.doc
11935	docx	33958	fb0f74f7b9361bbd276fd3e695a7656d	fb/0f/fb0f74f7b9361bbd276fd3e695a7656d.docx	关于8大项目的产品知识与集锦.docx
11936	docx	168436	af0e6d94924a3c5a9e59cfb065f123fd	af/0e/af0e6d94924a3c5a9e59cfb065f123fd.docx	B3.引起筋不柔、骨不正的外因、内因分析.docx
11937	docx	17474	87743ce651c717d9a6b3c8d249f9e70d	87/74/87743ce651c717d9a6b3c8d249f9e70d.docx	铺垫话术.docx
11938	docx	17379	ee05b7ad32cd8bab6d247ae101f99503	ee/05/ee05b7ad32cd8bab6d247ae101f99503.docx	体质养生.docx
11939	pdf	379797	ff79eed31d778c16f452441827393b56	ff/79/ff79eed31d778c16f452441827393b56.pdf	Sports_Sounds_Pro_(现场演出音乐播放软件使用说明).pdf
11941	docx	19174	07d87bd0d246925c866188cad019584d	07/d8/07d87bd0d246925c866188cad019584d.docx	气、血、津液4.docx
11943	docx	29739	d3856c60e99f03961175f996580172f9	d3/85/d3856c60e99f03961175f996580172f9.docx	B10.养生信息汇编.docx
11944	docx	26412	3148fe0f9823a8a3bb08271ea4a102cb	31/48/3148fe0f9823a8a3bb08271ea4a102cb.docx	操作禁忌症.docx
11945	docx	14469	bdf9991181bb0f5b9dd716dff3fedbf9	bd/f9/bdf9991181bb0f5b9dd716dff3fedbf9.docx	养生理疗.docx
11946	docx	13320	f82c765b7fe351c6f5fd8649f2ac7610	f8/2c/f82c765b7fe351c6f5fd8649f2ac7610.docx	歌丽蒂尔品牌运营计划.docx
11947	docx	14986	cb57c564af57b93508e57c2c1c8c1422	cb/57/cb57c564af57b93508e57c2c1c8c1422.docx	养生系统.docx
11952	doc	30208	1b767f1f9b8ebaeefc31e4cbc758cb73	1b/76/1b767f1f9b8ebaeefc31e4cbc758cb73.doc	脏腑的相关知识6.doc
11955	docx	14403	048e71206dc1e011c83bdedc1328361f	04/8e/048e71206dc1e011c83bdedc1328361f.docx	刮痧.docx
11956	docx	13638	eed6c74221f81eafdf388699c078ee5d	ee/d6/eed6c74221f81eafdf388699c078ee5d.docx	养生项目的搭配原则.docx
11967	doc	20480	196edd8d5bd6da722fd5d77a3fe87d97	19/6e/196edd8d5bd6da722fd5d77a3fe87d97.doc	辟谷资料.doc
11968	doc	41984	a7055e388c70643a8fce782b91f532dd	a7/05/a7055e388c70643a8fce782b91f532dd.doc	新保养手法.doc
11969	doc	25600	d60270a4da0a83d120ffe149d0afc3eb	d6/02/d60270a4da0a83d120ffe149d0afc3eb.doc	疏肝利胆套组.doc
11970	doc	25600	28a273af8b143688d6eeedbcdcb4bc8a	28/a2/28a273af8b143688d6eeedbcdcb4bc8a.doc	气血循环魅情调理套组.doc
11971	doc	25600	f23d94ded450c879a65fd9e99358cdcb	f2/3d/f23d94ded450c879a65fd9e99358cdcb.doc	淋巴净化套组.doc
11972	doc	25088	72ab9412def6f49ad989b8fc38b74187	72/ab/72ab9412def6f49ad989b8fc38b74187.doc	健脾和胃套组.doc
11975	docx	23727	3dfcf0fb627c9565e4cede718b4ac970	3d/fc/3dfcf0fb627c9565e4cede718b4ac970.docx	十四经络以及重要穴位话术.docx
11978	doc	26112	be71ac059723c9bb7f7b225183d7329b	be/71/be71ac059723c9bb7f7b225183d7329b.doc	舒筋养颜调理套组.doc
11980	docx	34975	442d6bb3b87191cccfbefacfb8d0d483	44/2d/442d6bb3b87191cccfbefacfb8d0d483.docx	八大技术.docx
11982	doc	24576	e70529ffce3c9475033e4c1ef175f779	e7/05/e70529ffce3c9475033e4c1ef175f779.doc	腿足护膝调理套组.doc
11984	docx	14304	dee5b26b067ba3064b90014ec8eee04f	de/e5/dee5b26b067ba3064b90014ec8eee04f.docx	影响项目效果的因素.docx
11985	docx	14787	08c7c375f7c5ae83517b0e89689d163f	08/c7/08c7c375f7c5ae83517b0e89689d163f.docx	自检表.docx
11987	doc	25600	f80748729123ac482d97c59538c475b8	f8/07/f80748729123ac482d97c59538c475b8.doc	乳腺养胸理疗套组.doc
11988	doc	309248	decd24aec6add4f8a777a670e7ea0a04	de/cd/decd24aec6add4f8a777a670e7ea0a04.doc	日志.doc
11994	docx	15415	ef7da9f2b60fac89b5887fd0912321c4	ef/7d/ef7da9f2b60fac89b5887fd0912321c4.docx	诺言排毒处方签.docx
11995	docx	12374	c20284a508519fdbdd69bcfd4e7a6ebe	c2/02/c20284a508519fdbdd69bcfd4e7a6ebe.docx	诺言排毒饮品登记表.docx
11997	doc	20992	16c65705e838422be8d923475032c267	16/c6/16c65705e838422be8d923475032c267.doc	肝胆健康调查问卷.doc
11998	doc	24576	2fd6326f56e62350c2832536c69aeb6b	2f/d6/2fd6326f56e62350c2832536c69aeb6b.doc	肩颈净通套组.doc
12002	docx	891238	0abbf76f8a45f04045a30da7b925b640	0a/bb/0abbf76f8a45f04045a30da7b925b640.docx	地招会执行细则.docx
12006	doc	20480	36e247316b5b3107f23275688767e8fe	36/e2/36e247316b5b3107f23275688767e8fe.doc	业绩活动话术.doc
12009	docx	272910	10b94b86cb5b89e078bac32fad042a10	10/b9/10b94b86cb5b89e078bac32fad042a10.docx	地招会合同.docx
12010	docx	20772	83f76673e4f7cc7fd947963d37f48002	83/f7/83f76673e4f7cc7fd947963d37f48002.docx	省级招商会细节执行模板.docx
12011	doc	38912	208dbc969e84f1fed140958f9c333cf0	20/8d/208dbc969e84f1fed140958f9c333cf0.doc	模式单邀约合同(2).doc
12012	docx	13785	7c43dabbc95f047b1549487155e32371	7c/43/7c43dabbc95f047b1549487155e32371.docx	第一遍电话沟通业绩话术.docx
12036	docx	30187	64543f43a699f3a9f3109a87109f2fd4	64/54/64543f43a699f3a9f3109a87109f2fd4.docx	上海欣喜国际招商话术。。。 - 副本.docx
12041	docx	162	b99d7adac8c37738197881c8409b2284	b9/9d/b99d7adac8c37738197881c8409b2284.docx	~$建国招商话术线上送礼品.docx
12043	docx	21654	c7b61c36c464b03dccf85dc9e0605680	c7/b6/c7b61c36c464b03dccf85dc9e0605680.docx	金客盈门合同.docx
12045	docx	23501	52321bcae4800986b9e142c73a405d35	52/32/52321bcae4800986b9e142c73a405d35.docx	广州圣菲之美招商话术.docx
12046	docx	162	dc3404bf7739531a4496e312b26be6cf	dc/34/dc3404bf7739531a4496e312b26be6cf.doc	~$计划极速邀约模板仅供参考.docx
12048	docx	16901	eea75e3743868b05546c2c3460a78c85	ee/a7/eea75e3743868b05546c2c3460a78c85.docx	123全免单回访话术 3.docx
12049	docx	13726	d5faa17dcd80d07dd97edaa4052848d2	d5/fa/d5faa17dcd80d07dd97edaa4052848d2.docx	A客风暴与其他小程序的区别在哪里.docx
12051	docx	23343	7f0510b32a5f5917dfb58a8ae23a1f98	7f/05/7f0510b32a5f5917dfb58a8ae23a1f98.docx	温州建国招商话术线上送礼品.docx
12052	docx	15352	3b6169d4b46816ee3ed5e3d01010064a	3b/61/3b6169d4b46816ee3ed5e3d01010064a.docx	你们是怎么拓客的.docx
12053	docx	13489	a024de92442aa4bcf31b3db696d12bbb	a0/24/a024de92442aa4bcf31b3db696d12bbb.docx	极速邀约前期准备工作.docx
12060	docx	113715	7a5207c222205169dd2cc274d25d44b7	7a/52/7a5207c222205169dd2cc274d25d44b7.docx	千店联盟极速邀约(2).docx
12067	docx	274	6c9030e8dc551b288ef3a29c7ff20864	6c/90/6c9030e8dc551b288ef3a29c7ff20864.docx	._八大筋络话术.docx
12071	doc	259734	886375d5a0422654d26b01ca4323cfb5	88/63/886375d5a0422654d26b01ca4323cfb5.doc	藏宝图 模式介绍手册.doc
12072	docx	482955	71ffb944a5f97943ade92bfe954291e3	71/ff/71ffb944a5f97943ade92bfe954291e3.docx	重庆盛妆.docx
12073	doc	322048	8c54b14797f264b963a285675eabd508	8c/54/8c54b14797f264b963a285675eabd508.doc	合肥智颜3.29参会表(1)(1).doc
12076	docx	294936	430e467bc88ceb0473e3c4f8e9d9a233	43/0e/430e467bc88ceb0473e3c4f8e9d9a233.docx	欣荣魅力女人藏宝图1.docx
12077	docx	237830	f2b20fd40318367ad49c0a0047d640b0	f2/b2/f2b20fd40318367ad49c0a0047d640b0.docx	藏宝图宣传物料.docx
12078	docx	14156	75d7b66ccb42f65285f8d8e850fb4b92	75/d7/75d7b66ccb42f65285f8d8e850fb4b92.docx	刘米雪藏宝图模式整理.docx
12079	docx	14484	3d7ac8b03b35e0c8c71a924d47acb808	3d/7a/3d7ac8b03b35e0c8c71a924d47acb808.docx	凤岗藏宝图启动方案.docx
12083	docx	274	803547e96d906004a3be471489545f6d	80/35/803547e96d906004a3be471489545f6d.docx	._肝胆销售话术4.docx
12085	docx	19108	e32f817253f233411b4d6ed8fee1d41c	e3/2f/e32f817253f233411b4d6ed8fee1d41c.docx	江西招商回放表格.docx
12086	docx	162	e8495fb6f0866cf2a48329e5e232484b	e8/49/e8495fb6f0866cf2a48329e5e232484b.docx	~$广州轩源国际.docx
12088	docx	18581	9593d91528b2c65874f55f4fb7d91e87	95/93/9593d91528b2c65874f55f4fb7d91e87.docx	99元电话沟通话术(1).docx
12089	doc	21504	7aad199c48691f29509472547b5ac980	7a/ad/7aad199c48691f29509472547b5ac980.doc	北京凤凰国际招商话术.doc
12090	docx	17570	5f35211bbddf5dd9f467e6ec66bf1018	5f/35/5f35211bbddf5dd9f467e6ec66bf1018.docx	创美邀约话术(1).docx
12091	docx	12825	0dd30162048a93af28027a593f2f5897	0d/d3/0dd30162048a93af28027a593f2f5897.docx	代理商须知手册.docx
12092	doc	54784	814dbc604f98ea3f157fcf1b3ed51441	81/4d/814dbc604f98ea3f157fcf1b3ed51441.doc	会议流程及工作安排.doc
12093	docx	16114	1d4457de7ee88c830313fce8fd9f7a85	1d/44/1d4457de7ee88c830313fce8fd9f7a85.docx	8_虞美人回访话术(1).docx
12094	docx	8002	5e144cab838ee1ea83279138c1f572b8	5e/14/5e144cab838ee1ea83279138c1f572b8.docx	太原美之琳招商话术。。。.docx
12095	doc	381440	b2dbace2adf9825cfd3094d8f8419b19	b2/db/b2dbace2adf9825cfd3094d8f8419b19.doc	单邀约合同.doc
12096	docx	20535	7346c7d33736b4a4e94febb77e47d829	73/46/7346c7d33736b4a4e94febb77e47d829.docx	天煜飞鸿邀约话术(1).docx
12099	docx	20895	35870aa631c74f23dc2e74a1a86d2248	35/87/35870aa631c74f23dc2e74a1a86d2248.docx	上海龙玺招商话术(1).docx
12102	docx	16535	6577f7cf40b73170d83c53c8d701bfad	65/77/6577f7cf40b73170d83c53c8d701bfad.docx	回访话术纲要(1).docx
12103	docx	26356	8a128cd29db52e5d92254c382fe82e78	8a/12/8a128cd29db52e5d92254c382fe82e78.docx	众丽国际招商话术(1).docx
12110	doc	27648	75e8999cd33e8d7e543f22ba9450472e	75/e8/75e8999cd33e8d7e543f22ba9450472e.doc	模式单邀约合同.doc
12112	doc	32768	7766a1555e94ac1da3d96d3097f448d0	77/66/7766a1555e94ac1da3d96d3097f448d0.doc	年度规划及活动执行合作协议.doc
12113	docx	22105	bec19645b984d224152b4b1839ae935c	be/c1/bec19645b984d224152b4b1839ae935c.docx	微信课堂，美容院的核心竞争力 (已自动恢复)改编1 (已自动恢复)1.docx
12114	docx	3169	3e7e44d657ad76892f32924cebc06d75	3e/7e/3e7e44d657ad76892f32924cebc06d75.docx	文档.docx
12115	docx	18166	5d3fe8be32df09c74ab3e1bd66512d83	5d/3f/5d3fe8be32df09c74ab3e1bd66512d83.docx	拓客邀约话术(1).docx
12116	docx	27058	a6ea3ac90dceae53c48c3bd19b06f2f3	a6/ea/a6ea3ac90dceae53c48c3bd19b06f2f3.docx	招商话术.docx
12117	docx	18026	22cc4c4c5f132c3dab9ac9e62096f7e1	22/cc/22cc4c4c5f132c3dab9ac9e62096f7e1.docx	景鸿回访话术纲要(1)1.docx
12118	docx	17624	524c96ac64db398f6f2066fda71599b1	52/4c/524c96ac64db398f6f2066fda71599b1.docx	果惠全城回访话术.docx
12119	docx	24601	b9d93b4fd5aa87877c85219adf3631db	b9/d9/b9d93b4fd5aa87877c85219adf3631db.docx	A客风暴 (微信课堂).pptx(1).docx
12120	docx	13980	91dec09a9be522a74a7189c4a94e2b40	91/de/91dec09a9be522a74a7189c4a94e2b40.docx	亿雯雅升回访话术纲要(1).docx
12121	docx	13051	5949e092404820daa98f8ab940b5c632	59/49/5949e092404820daa98f8ab940b5c632.docx	微信沟通模板资料.docx
12122	docx	13783	4747c0445e7ef5a2cc42944fe22848ce	47/47/4747c0445e7ef5a2cc42944fe22848ce.docx	沟通话术.docx
12124	doc	52224	1552b108573e7ef68b8f903dc3b72ff0	15/52/1552b108573e7ef68b8f903dc3b72ff0.doc	果惠全城、微信课堂2.doc
12125	doc	383488	747dbeb6a81e37b8c999dabbd2ab9bb1	74/7d/747dbeb6a81e37b8c999dabbd2ab9bb1.doc	金客盈门合同1(2).doc
12126	docx	21335	cd1ee333d246f1c71b561f2c14260635	cd/1e/cd1ee333d246f1c71b561f2c14260635.docx	执行力训练营手册.docx
12128	docx	22799	74208a3985b57ddf6e071425516cc9ce	74/20/74208a3985b57ddf6e071425516cc9ce.docx	执行力训练营手册1.docx
12129	docx	28003	dbc782a9be91fa765ecd3d0e715257ff	db/c7/dbc782a9be91fa765ecd3d0e715257ff.docx	讲课.docx
12130	docx	17003	81a105d1a6c5fa904152a6c0be688b5e	81/a1/81a105d1a6c5fa904152a6c0be688b5e.docx	黛艺回访.docx
12131	docx	2736814	f6779f6e49d08c6b3ebda59700f0c6d9	f6/77/f6779f6e49d08c6b3ebda59700f0c6d9.docx	宣传文案.docx
12132	docx	218	a9be271173af0ce1a5e633bdcb13580c	a9/be/a9be271173af0ce1a5e633bdcb13580c.docx	._纤体瘦身话术.docx
12135	docx	17224	3e2a523a4a9966799de5c4c5cb3869a5	3e/2a/3e2a523a4a9966799de5c4c5cb3869a5.docx	2023第一遍电话邀约话术.docx（重庆）.docx
12136	docx	162	dc3404bf7739531a4496e312b26be6cf	dc/34/dc3404bf7739531a4496e312b26be6cf.doc	~$23第一遍电话邀约话术.docx（重庆）.docx
12137	docx	162	dc3404bf7739531a4496e312b26be6cf	dc/34/dc3404bf7739531a4496e312b26be6cf.doc	~$国际微信亮点铺垫话术.docx(重庆).docx
12140	docx	17373	4e4868293c39b931bc7826e38c7553c9	4e/48/4e4868293c39b931bc7826e38c7553c9.docx	鑫妍国际微信亮点铺垫话术.docx(重庆).docx
12141	docx	13695	8a008db717fb3db39bd185c6a15734f7	8a/00/8a008db717fb3db39bd185c6a15734f7.docx	沉睡店家破冰电话沟通.docx
12142	docx	15299	44eeeac6d9f110347ef6c79f6c389947	44/ee/44eeeac6d9f110347ef6c79f6c389947.docx	会议流程及人员分工.docx
12143	docx	13703	825e671ea1d5cbf5ccf1b2f94446be4d	82/5e/825e671ea1d5cbf5ccf1b2f94446be4d.docx	沉睡店家破冰电话沟通(2)(1).docx
12144	docx	12077	fcd15df0a654fdb28c20fa1a10f67f5b	fc/d1/fcd15df0a654fdb28c20fa1a10f67f5b.docx	南昌老带新.docx
12145	docx	17351	c690024f7057b3f3dba86a61329cbec7	c6/90/c690024f7057b3f3dba86a61329cbec7.docx	2024第一遍电话邀约话术(1)(2).docx云南.docx
12146	docx	18892	d17a788711d35c4f425247bbcc80ca2c	d1/7a/d17a788711d35c4f425247bbcc80ca2c.docx	鑫妍国际微信亮点铺垫话术(5).docx
12148	docx	17784	c21e076354300bfb5768aa477f37d681	c2/1e/c21e076354300bfb5768aa477f37d681.docx	虞美人话术(1)(1).docx
12151	docx	235	0ebac5bf6653614844f7723be5a35555	0e/ba/0ebac5bf6653614844f7723be5a35555.docx	._11前台接待员.docx
12152	docx	78	4b0e66c002a3b97be1e9b023a954a6d1	4b/0e/4b0e66c002a3b97be1e9b023a954a6d1.docx	$IAH7BC8.docx
12156	docx	12891	6af5c155d460ebffa6431c7e5619ef34	6a/f5/6af5c155d460ebffa6431c7e5619ef34.docx	$RAH7BC8.docx
12386	docx	274	253e0121f14583fa7030fd53354b3694	25/3e/253e0121f14583fa7030fd53354b3694.docx	._皮肤敏感中医问答.docx
12387	docx	218	8ac61cd166741571588cdcef77c34c2f	8a/c6/8ac61cd166741571588cdcef77c34c2f.docx	._女性调理美容顾问咨询话术.docx
12394	docx	274	2d0e45690d51734fd1ae22b2c3d4ff87	2d/0e/2d0e45690d51734fd1ae22b2c3d4ff87.docx	._赞美顾客话术.docx
12399	docx	218	8ac61cd166741571588cdcef77c34c2f	8a/c6/8ac61cd166741571588cdcef77c34c2f.docx	._睡眠话术.docx
12405	docx	218	8ac61cd166741571588cdcef77c34c2f	8a/c6/8ac61cd166741571588cdcef77c34c2f.docx	._经络引导话术.docx
12408	docx	274	480aae5619d1e078b818797b83ac410b	48/0a/480aae5619d1e078b818797b83ac410b.docx	._黑眼圈相关专业话术7.docx
12422	docx	274	f6865726853d66dd28cbf26711556819	f6/86/f6865726853d66dd28cbf26711556819.docx	._艾灸美容销售100问话术.docx
12578	docx	4096	926931ef088db392fcc63bcd95ba6604	92/69/926931ef088db392fcc63bcd95ba6604.docx	._许若基10月大会会后总结.docx
12620	docx	4096	1a7d2107e0eff6f8c8f47971cca7dcab	1a/7d/1a7d2107e0eff6f8c8f47971cca7dcab.docx	._王婷 10月份会后总结 1.docx
12623	docx	4096	76b9d608b4a202b379ec85504b92b68d	76/b9/76b9d608b4a202b379ec85504b92b68d.docx	._华世王镞2024引爆新消美.docx
12624	docx	162	4811e0dfe6c6bee00e0a308b1ca34796	48/11/4811e0dfe6c6bee00e0a308b1ca34796.docx	~$25-26会后总结（企宣新媒体组）.docx
13087	docx	162	4811e0dfe6c6bee00e0a308b1ca34796	48/11/4811e0dfe6c6bee00e0a308b1ca34796.docx	~$12日会后总结会.docx
13088	docx	4096	35f6a33d66adc2a78f1c75f834362ca6	35/f6/35f6a33d66adc2a78f1c75f834362ca6.docx	._10月份会后总结（企宣新媒体组）10月31日.docx
13089	docx	4096	8da25abd2fd6852cb9886c034cd694f7	8d/a2/8da25abd2fd6852cb9886c034cd694f7.docx	._10月份会后总结-史金芹.docx
13093	docx	4096	df90a331414872bbb4092eb25f716218	df/90/df90a331414872bbb4092eb25f716218.docx	._杨志云的会后工作总结(1).docx
13094	docx	4096	04e837ba21736270afaee80c1a1d02de	04/e8/04e837ba21736270afaee80c1a1d02de.docx	._企宣部9月份会议工作总结（引爆新消美）.docx
13097	docx	4096	fb3681f7777eea6d3cd4487fc29d60e1	fb/36/fb3681f7777eea6d3cd4487fc29d60e1.docx	._企宣部9月份会议工作总结（引爆新消美） 1.docx
13189	docx	4096	5f8886d9feb720d2238073bbe3281483	5f/88/5f8886d9feb720d2238073bbe3281483.docx	._2022.0706华世王镞正青春夏令营.docx
13245	docx	4096	48eeda4362912e3da40cde403c55196c	48/ee/48eeda4362912e3da40cde403c55196c.docx	._2022.0701乔迁典礼.docx
13247	docx	4096	ad9a95de478a6c23af056a4f364631e8	ad/9a/ad9a95de478a6c23af056a4f364631e8.docx	._2020.07.14团建吃火锅.docx
13249	docx	4096	13e2838f7b038e455ec303ef8e0ffb93	13/e2/13e2838f7b038e455ec303ef8e0ffb93.docx	._微博.docx
13366	docx	39969	34b283d3be6e676113b85a9b94ef5b1f	34/b2/34b283d3be6e676113b85a9b94ef5b1f.docx	客户档案.docx
13367	docx	16334	99fcb877e69e63c11300814c3c8e16bc	99/fc/99fcb877e69e63c11300814c3c8e16bc.docx	圣龙咨询策划.docx
13368	doc	32768	93fc810cf2cecba79bffdcbf7c3faf62	93/fc/93fc810cf2cecba79bffdcbf7c3faf62.doc	1000元确认单.doc
13369	docx	28405	bb8016155baa97bcb2da64f438dbaa7f	bb/80/bb8016155baa97bcb2da64f438dbaa7f.docx	12.8万合作协议.docx
13370	doc	32768	007c338a358e051fc29f237d0323a0d5	00/7c/007c338a358e051fc29f237d0323a0d5.doc	200元确认单.doc
13371	docx	8905	23bf0f0dabe4c1dbde64a78cdbbdad23	23/bf/23bf0f0dabe4c1dbde64a78cdbbdad23.docx	9800现场方案.docx
13372	docx	16519	0444de865a199c11134237897abd52b2	04/44/0444de865a199c11134237897abd52b2.docx	9980元.docx
13373	docx	10494	2a1a2472189b72ff464afb12269c60ca	2a/1a/2a1a2472189b72ff464afb12269c60ca.docx	BeautyUP9800会场方案.docx
13374	doc	162	4a8519d69ce209f8c9144618bc90188f	4a/85/4a8519d69ce209f8c9144618bc90188f.doc	~$00元确认单.doc
13375	docx	162	430903118d7cecb2aa02ebb85697bb97	43/09/430903118d7cecb2aa02ebb85697bb97.docx	~$00现场方案.docx
13376	docx	162	dc3404bf7739531a4496e312b26be6cf	dc/34/dc3404bf7739531a4496e312b26be6cf.doc	~$6800方案.docx
13377	docx	162	6f2d070a27267becb5b9d2634d172cea	6f/2d/6f2d070a27267becb5b9d2634d172cea.docx	~$autyUP9800会场方案.docx
13378	docx	20231	c1674ce2b77e3d04da35914a375c8c5f	c1/67/c1674ce2b77e3d04da35914a375c8c5f.docx	18年工作计划.docx
13379	docx	18487	52a40539c37ee3b46645ad89ec70d6ad	52/a4/52a40539c37ee3b46645ad89ec70d6ad.docx	2018年天禾丽美单店排毒营标准执行流程.docx
13380	docx	98375	38bd742eb832e5e21233b3e487708f40	38/bd/38bd742eb832e5e21233b3e487708f40.docx	3980会员启动如何与老板娘沟通.docx
13381	doc	35840	b337e5d28b71b8bfd5bee3ec1e16f186	b3/37/b337e5d28b71b8bfd5bee3ec1e16f186.doc	ACR启动方案.doc
13382	docx	13038	a8c7b933c78c62d0fb76c9fcd5021b61	a8/c7/a8c7b933c78c62d0fb76c9fcd5021b61.docx	专家提成.docx
13383	doc	471552	3b0df5b1940e8a0c83ff18750f604f93	3b/0d/3b0df5b1940e8a0c83ff18750f604f93.doc	中医手诊图谱[1].doc
13384	docx	79800	be77404df32839a1af2e9b5ddbd88df0	be/77/be77404df32839a1af2e9b5ddbd88df0.docx	主题：关爱生命 全民防癌 大型公益讲座走进（  ）站.docx
13385	doc	147968	6f53f103e0bc8689c484ab0705faa527	6f/53/6f53f103e0bc8689c484ab0705faa527.doc	全赢人生排毒营.doc
13386	doc	32256	6aef8490f51af8b48421ac0ffe521574	6a/ef/6aef8490f51af8b48421ac0ffe521574.doc	卖门票九步曲.doc
13387	docx	44986	d1d2840aedbe8520283ffbd13782c5f6	d1/d2/d1d2840aedbe8520283ffbd13782c5f6.docx	口服酵素销售.docx
13388	docx	13575	79bb8d973c4a54a81045f893e09d5008	79/bb/79bb8d973c4a54a81045f893e09d5008.docx	哈尔滨天鹰化妆品 健约酵素品牌                            现场加盟.docx
13389	docx	16489	973d51dd0307534214c3fc0af9a4b3b0	97/3d/973d51dd0307534214c3fc0af9a4b3b0.docx	天禾丽美健康管理咨询公司.docx
13390	docx	37488	02ac6531a251748b210c06abe2382025	02/ac/02ac6531a251748b210c06abe2382025.docx	市场运营建议.docx
13391	docx	12744	b6ee1cde2b08fbdf28e9075677bd36a5	b6/ee/b6ee1cde2b08fbdf28e9075677bd36a5.docx	德圣特惠政策.docx
13392	docx	21630	d9b111aa4944a5c68bc60ff508b4c141	d9/b1/d9b111aa4944a5c68bc60ff508b4c141.docx	德圣美容院整体规划与名媛会议策划案.docx
13393	doc	327680	a1300da54eafa7c64716262c984ac2d1	a1/30/a1300da54eafa7c64716262c984ac2d1.doc	成功演讲的必备条件.doc
13394	docx	15632	2d851f2c71f99c176cfe6df1ed8df192	2d/85/2d851f2c71f99c176cfe6df1ed8df192.docx	晨会555.docx
13395	docx	105465	6dbb7ec4aa7e680a4fe7ef75f779bd91	6d/bb/6dbb7ec4aa7e680a4fe7ef75f779bd91.docx	暨大.docx
13396	doc	20480	5f2c6380e7c3e6d07ddd24d952ab9e13	5f/2c/5f2c6380e7c3e6d07ddd24d952ab9e13.doc	柏恩国际.doc
13397	docx	108275	5e4d72292a6dccf6f1b0de203d8e2977	5e/4d/5e4d72292a6dccf6f1b0de203d8e2977.docx	模式精编（要点）.docx
13398	doc	208896	781e577c5ba5f1367c146ffe3c1666ac	78/1e/781e577c5ba5f1367c146ffe3c1666ac.doc	清晰手诊图谱.doc
13399	docx	133216	01d4c80dbd3928e3ff522764c4abb4dd	01/d4/01d4c80dbd3928e3ff522764c4abb4dd.docx	私密文字课程白鹤.docx
13400	docx	11128	d442643052e2add1cb39b91d28d9157f	d4/42/d442643052e2add1cb39b91d28d9157f.docx	秒杀名单明细.docx
13401	docx	12961	e067d68138901fd91274b9dfef75c33f	e0/67/e067d68138901fd91274b9dfef75c33f.docx	第一部分.docx
13402	docx	37902	729cc3bd93500e1b2359f4361108c570	72/9c/729cc3bd93500e1b2359f4361108c570.docx	签到 登记发放体检卡（发放抽奖券）.docx
13403	docx	10972	66874780d85e2a01bee84069ed33a6a7	66/87/66874780d85e2a01bee84069ed33a6a7.docx	肝胆排毒疗程.docx
13404	docx	16290	d50b1e17832b8ecb7dfc1a62f730a3b3	d5/0b/d50b1e17832b8ecb7dfc1a62f730a3b3.docx	诺雅美店内沙龙会启动流程.docx
13405	docx	20790	2a69c6eb1eea1e1d0a98b60e2e6eada1	2a/69/2a69c6eb1eea1e1d0a98b60e2e6eada1.docx	通河王艳内拓预储值活动策划案.docx
13406	docx	11647	7294608aa375d57bdcd7be50a1c78c90	72/94/7294608aa375d57bdcd7be50a1c78c90.docx	通河超鹰名媛会策划案.docx
13407	doc	218112	96cc4a85a7b30dea8c4deac1f04ee92a	96/cc/96cc4a85a7b30dea8c4deac1f04ee92a.doc	代理商品牌经理年度总结及规划OK.doc
13408	docx	15863	c3879619db79bd768930bc967ace88b5	c3/87/c3879619db79bd768930bc967ace88b5.docx	健约肠排.docx
13409	docx	44986	d1d2840aedbe8520283ffbd13782c5f6	d1/d2/d1d2840aedbe8520283ffbd13782c5f6.docx	口服酵素销售.docx
13410	doc	144501	dbdf2947f39ceadd1b7b75a5ad43e69b	db/df/dbdf2947f39ceadd1b7b75a5ad43e69b.doc	天禾丽美健约.doc
13411	docx	11618	cbedc6b8760a6ec0d9c008f73887d309	cb/ed/cbedc6b8760a6ec0d9c008f73887d309.docx	肠道课程.docx
13412	doc	37376	3f9e2e6c33c54323c2f6bac170017e76	3f/9e/3f9e2e6c33c54323c2f6bac170017e76.doc	销售确认书.doc
13413	doc	4552192	759f1a1fe4620b0a4fb5104faf55e937	75/9f/759f1a1fe4620b0a4fb5104faf55e937.doc	五行知识与自然的关系5.doc
13414	doc	30720	bb8b9629a7d3381b2964b86eb4c00263	bb/8b/bb8b9629a7d3381b2964b86eb4c00263.doc	体质养生10.doc
13415	doc	47104	df0330191cc911fc8e6e58c50f6247be	df/03/df0330191cc911fc8e6e58c50f6247be.doc	十四经络以及重要穴位话术3.doc
13416	doc	29696	853556c9c39b98b297def9bebc9896a4	85/35/853556c9c39b98b297def9bebc9896a4.doc	失去健康的原因在考虑8.doc
13417	doc	27648	673b39b66fbd6472e3568ddf080d437b	67/3b/673b39b66fbd6472e3568ddf080d437b.doc	子午流注11.doc
13418	doc	26624	dd19ef0c95320bc5374acc73914ff909	dd/19/dd19ef0c95320bc5374acc73914ff909.doc	影响项目效果的因素12.doc
13419	doc	29696	8589f35374d0ebd7b8dec76a1b38e37f	85/89/8589f35374d0ebd7b8dec76a1b38e37f.doc	气、血、津液4.doc
13420	doc	30208	1b767f1f9b8ebaeefc31e4cbc758cb73	1b/76/1b767f1f9b8ebaeefc31e4cbc758cb73.doc	脏腑的相关知识6.doc
13421	docx	33034	a67f4d39b0138196ad91a85529ddff64	a6/7f/a67f4d39b0138196ad91a85529ddff64.docx	调研表一.docx
13422	docx	3647	56023478337db3fa00da4ead888c61f1	56/02/56023478337db3fa00da4ead888c61f1.docx	调研表二.docx
13423	doc	37888	112719ff9a8a95695d5940b4dc4caae4	11/27/112719ff9a8a95695d5940b4dc4caae4.doc	祈福准备.doc
13424	doc	64512	5ea06e80723baf65ace74882ede7fc8e	5e/a0/5ea06e80723baf65ace74882ede7fc8e.doc	2012真实的中国.doc
13425	doc	28160	5261b72ac3c99e7bb7604f355e536c0c	52/61/5261b72ac3c99e7bb7604f355e536c0c.doc	执行准备清单（新）.doc
13426	doc	1953005	86e92d468050ea39133f0e34ad296ca8	86/e9/86e92d468050ea39133f0e34ad296ca8.doc	病毒式吸客厂商，代理商版.doc
13427	docx	27760	5626dba04d90077b3aa9a9834ff039da	56/26/5626dba04d90077b3aa9a9834ff039da.docx	4天短信发送.docx
13428	docx	27865	4b2a39adac8c918c8492ae426452b8d2	4b/2a/4b2a39adac8c918c8492ae426452b8d2.docx	7天短信发送.docx
13429	doc	137216	5fb2d379cf7bebd59ec27f26bb8d4b24	5f/b2/5fb2d379cf7bebd59ec27f26bb8d4b24.doc	员工动员短信.doc
13430	doc	73216	2168eca87868bb5d022ce8065e836596	21/68/2168eca87868bb5d022ce8065e836596.doc	获得顾客信赖的条件.doc
13431	docx	15706	5e11bcaaac29faddd25b81b366bc4cc6	5e/11/5e11bcaaac29faddd25b81b366bc4cc6.docx	坐诊会启动流程.docx
13432	doc	18432	3f6005391c207e9fe98525e4a722d11c	3f/60/3f6005391c207e9fe98525e4a722d11c.doc	坐诊销售话术.doc
13433	doc	14848	af1b14f73554e1cf890ac78d6bad8714	af/1b/af1b14f73554e1cf890ac78d6bad8714.doc	沙龙会启动流程.doc
13434	doc	71680	bbbc0e9d2c57c838baa633dd19a1866b	bb/bc/bbbc0e9d2c57c838baa633dd19a1866b.doc	沙龙会实操标准流程.doc
13435	doc	12288	86e6448074892e88cf9734be4b9c3c84	86/e6/86e6448074892e88cf9734be4b9c3c84.doc	见诊卡销售九步曲.doc
13436	doc	259311	1b6ac52ca07ba6c90f2959cbb984f608	1b/6a/1b6ac52ca07ba6c90f2959cbb984f608.doc	1美容院专业电话接待标准.doc
13437	doc	35840	1742b003768a697dbaf5775a139712ba	17/42/1742b003768a697dbaf5775a139712ba.doc	2接待服务流程及话术.doc
13438	doc	22528	cc4edff691a229cd46bbeed1a355a0af	cc/4e/cc4edff691a229cd46bbeed1a355a0af.doc	3预约流程.doc
13439	doc	4096	e127a7440acb8fafb7397f2b448400eb	e1/27/e127a7440acb8fafb7397f2b448400eb.doc	._产品话术.doc
13440	doc	4096	70844ffe7a1bd8d8875cd022725fbcf1	70/84/70844ffe7a1bd8d8875cd022725fbcf1.doc	._工资制度方案二.doc
13441	doc	4096	bde9b01efe8847d57a1940ccffe1253a	bd/e9/bde9b01efe8847d57a1940ccffe1253a.doc	._已确定排毒营方案客人全程短信跟踪样板.doc
13442	doc	4096	bc28c1f56296281f8c37fb728974dfc0	bc/28/bc28c1f56296281f8c37fb728974dfc0.doc	._排毒会主持稿.doc
13443	doc	4096	eeef614df89b5018ba8c4ba22580d9c1	ee/ef/eeef614df89b5018ba8c4ba22580d9c1.doc	._排毒营主持.doc
13444	doc	4096	17b146bf03a7357bfd3bdff7a10c0a90	17/b1/17b146bf03a7357bfd3bdff7a10c0a90.doc	._无毒一身轻 快乐排毒营售后执行标准及流程.doc
13445	doc	4096	8937eff383477db13966f8f8a887df3c	89/37/8937eff383477db13966f8f8a887df3c.doc	._活血自由基檢測同意書1.doc
13446	doc	4096	b155a1ea9c8be073f381de1c37327252	b1/55/b155a1ea9c8be073f381de1c37327252.doc	._缤纷水果沙龙物料单.doc
13447	doc	4096	b33c1f78d92157c9cb412fed02f8ebf1	b3/3c/b33c1f78d92157c9cb412fed02f8ebf1.doc	._顿康排毒营顾客体重尺寸跟踪档案表.doc
13448	docx	88765	97cd4378282533b1d7156c90cd01e904	97/cd/97cd4378282533b1d7156c90cd01e904.docx	2016白皮书标准版.docx
13449	doc	162	c1b0f712da95e3eb17de82fcdb458ffe	c1/b0/c1b0f712da95e3eb17de82fcdb458ffe.doc	~$排毒会主持稿.doc
13450	doc	18432	ae5f5f57502546b3fc86c7fe0fd2cafc	ae/5f/ae5f5f57502546b3fc86c7fe0fd2cafc.doc	产品话术.doc
13451	doc	14848	5f4ff436dde6b63876bf4cf218d13594	5f/4f/5f4ff436dde6b63876bf4cf218d13594.doc	任性生活铺垫话术不抽奖版本.doc
13452	docx	14071	0dfc8a11a354d52ab07ed00dd2af84e9	0d/fc/0dfc8a11a354d52ab07ed00dd2af84e9.docx	健康代言人评分表.docx
13453	doc	34816	6d62fddc55e9c31a618b00f893b7a9d7	6d/62/6d62fddc55e9c31a618b00f893b7a9d7.doc	健康代言人评选大赛报名表.doc
13454	docx	16689	579f8251814480b11c95d0a4c05d99b6	57/9f/579f8251814480b11c95d0a4c05d99b6.docx	健康调查问卷.docx
13455	doc	2328576	9ad060b31192e04a9d042fec08aac50e	9a/d0/9ad060b31192e04a9d042fec08aac50e.doc	团队游戏大全[下次集会用得上哦.doc
13456	doc	44032	ee232a6b5d947c0e081ba84d47996265	ee/23/ee232a6b5d947c0e081ba84d47996265.doc	好转反应.doc
13457	doc	34304	b2c65d0db53bb097921dded13d2c7bc2	b2/c6/b2c65d0db53bb097921dded13d2c7bc2.doc	工资制度方案二.doc
13458	doc	41472	85fcc55c39dfe2a3f4d120cd670d7819	85/fc/85fcc55c39dfe2a3f4d120cd670d7819.doc	已确定排毒营方案客人全程短信跟踪样板.doc
13459	doc	39424	ea259a444ac5d2ec8c949c4d45d836a3	ea/25/ea259a444ac5d2ec8c949c4d45d836a3.doc	排毒会主持稿.doc
13460	doc	24576	b6abd14204ea033613ead1daef757ee6	b6/ab/b6abd14204ea033613ead1daef757ee6.doc	排毒营主持.doc
13461	doc	12800	65d68df1dd5fc3467af7cbf8b72e1a85	65/d6/65d68df1dd5fc3467af7cbf8b72e1a85.doc	排毒营招商邀约话术.doc
13462	doc	41472	2971ce097825e54dc4aac27d587da512	29/71/2971ce097825e54dc4aac27d587da512.doc	散1、顾客基础信息分析表（美容师填）Microsoft Word 文档.doc
13463	doc	78848	b91293f78817e9cbe3fdb92287992efc	b9/12/b91293f78817e9cbe3fdb92287992efc.doc	无毒一身轻 快乐排毒营售后执行标准及流程.doc
13464	doc	156672	42f721a85fa24366142ecf2a6c0e15b2	42/f7/42f721a85fa24366142ecf2a6c0e15b2.doc	活血自由基檢測同意書1.doc
13465	doc	27136	b5827408edf6b87e479c5dac668891ce	b5/82/b5827408edf6b87e479c5dac668891ce.doc	游戏%20Microsoft%20Word%20文档[1].doc
13466	doc	143360	a4169b91db9aaf3e9e1e60db766f1890	a4/16/a4169b91db9aaf3e9e1e60db766f1890.doc	游戏版块.doc
13467	doc	1027584	45d7685264138e399e7efbc45962abad	45/d7/45d7685264138e399e7efbc45962abad.doc	缤纷水果沙龙物料单.doc
13468	doc	37888	47f9ba06c6f267a5f7075f3b619ed4be	47/f9/47f9ba06c6f267a5f7075f3b619ed4be.doc	肝胆健康调查问卷.doc
13469	doc	50688	cbcd47d8d84519d740e83349ca611043	cb/cd/cbcd47d8d84519d740e83349ca611043.doc	肝胆净化秘现反应百答.doc
13470	doc	37888	a658a92bf696310ee64a2192a7d89a73	a6/58/a658a92bf696310ee64a2192a7d89a73.doc	顾客分析表.doc
13471	doc	118272	ea032182ac35a5557e54de426378a48c	ea/03/ea032182ac35a5557e54de426378a48c.doc	顿康排毒营顾客体重尺寸跟踪档案表.doc
13472	doc	40960	72d489a2448390f3d8eb9068e8952b23	72/d4/72d489a2448390f3d8eb9068e8952b23.doc	顿康排毒顾客跟踪表.doc
13473	docx	19813	8318fd7d3cac06ea5f627ed91262dcef	83/18/8318fd7d3cac06ea5f627ed91262dcef.docx	2018免费购物节邀约话术.docx
13474	docx	19134	98df4b6bd8ea616ba1f277ae93de1bfd	98/df/98df4b6bd8ea616ba1f277ae93de1bfd.docx	2018年克莱氏招商话术.docx
13475	docx	20579	c4936766f4e9173d28a202e6a7f28683	c4/93/c4936766f4e9173d28a202e6a7f28683.docx	2018年聚人美业招商话术.docx
13476	docx	21624	17300f3053f2ccacb3bcd552f53de226	17/30/17300f3053f2ccacb3bcd552f53de226.docx	2019年《123全免单》+《火疗枪云拓客》话术.docx
13477	doc	37376	4d82c4b13780c1f89e32ccf198c0a059	4d/82/4d82c4b13780c1f89e32ccf198c0a059.doc	2019电话销售话术.doc
13478	docx	162	8d15bcc6a3525e275ee0f7fe9796d4a1	8d/15/8d15bcc6a3525e275ee0f7fe9796d4a1.docx	~$主持话术.docx
13479	docx	162	54a8e9eeeb4c85e564ec443da333b1fc	54/a8/54a8e9eeeb4c85e564ec443da333b1fc.docx	~$亚捷招商话术.docx
13480	docx	162	ad6fd9fd18b7c02b050e46e178f4c9ed	ad/6f/ad6fd9fd18b7c02b050e46e178f4c9ed.docx	~$回访话术3.docx
13481	docx	162	dc3404bf7739531a4496e312b26be6cf	dc/34/dc3404bf7739531a4496e312b26be6cf.doc	~$母婴.docx
13482	docx	162	2b3dfc855f9cffec51bf18cf39a9f9ad	2b/3d/2b3dfc855f9cffec51bf18cf39a9f9ad.docx	~$聚人邀约话术.docx
13483	docx	162	502b0dc7e9c6bd5584b03830566ee4d1	50/2b/502b0dc7e9c6bd5584b03830566ee4d1.docx	~$邀约话术 (已自动恢复).docx
13484	docx	15794	3e2c0044c5f815f5ac6b80d904851198	3e/2c/3e2c0044c5f815f5ac6b80d904851198.docx	主持稿.docx
13485	docx	19924	836f0cd6b512b657c864f9024f163cf6	83/6f/836f0cd6b512b657c864f9024f163cf6.docx	主持话术.docx
13486	docx	12658	1b769ea5ed2114655a9b4ecf1dc62e4c	1b/76/1b769ea5ed2114655a9b4ecf1dc62e4c.docx	交换电话话术.docx
13487	doc	38912	2eee15b0967460b16796fd2b9b142c20	2e/ee/2eee15b0967460b16796fd2b9b142c20.doc	免费购物节课程.doc
13488	docx	16511	b51377f7e737842aa4d5b9eee12c0d56	b5/13/b51377f7e737842aa4d5b9eee12c0d56.docx	医美回访话术.docx
13489	doc	33280	2a41567ae18c88024320fa2fa0000b8f	2a/41/2a41567ae18c88024320fa2fa0000b8f.doc	华馨源招商话术 新12份.doc
13490	docx	14605	cd290e00ad27d2bf3f30e05b79d2e70c	cd/29/cd290e00ad27d2bf3f30e05b79d2e70c.docx	回访话术2.docx
13491	docx	19031	1e11d7251fa120258a876e613678a7ee	1e/11/1e11d7251fa120258a876e613678a7ee.docx	回访话术3(1)(1).docx
13492	docx	19890	fb77d8e6a072263806801aa1ded84bb4	fb/77/fb77d8e6a072263806801aa1ded84bb4.docx	回访话术3.docx
13493	docx	17301	d537350648f0a83316427264bc041887	d5/37/d537350648f0a83316427264bc041887.docx	微信课堂 美容师四步接待法.docx
13494	docx	23494	3b386ad47dd4d9ab51a4185ddcdac207	3b/38/3b386ad47dd4d9ab51a4185ddcdac207.docx	微信课堂，美容院的核心竞争力 (已自动恢复)改编1.docx
13495	docx	22109	28e1274ca74791115c23612622b7c115	28/e1/28e1274ca74791115c23612622b7c115.docx	微信课堂，营销版.docx
13496	docx	17813	5d47f8b228a4806d6bcf0894a77c4930	5d/47/5d47f8b228a4806d6bcf0894a77c4930.docx	德尔丽回访话术.docx
13497	docx	12794	11ba95497eeae7c8d21d1851bc48d8d3	11/ba/11ba95497eeae7c8d21d1851bc48d8d3.docx	意向店家回访交换去打.docx
13498	docx	26864	dc001064f5955c36b969c4dd101759c2	dc/00/dc001064f5955c36b969c4dd101759c2.docx	招商启动培训话术.docx
13499	docx	22862	45fa4af1cdb8ca25cc029fbada0a8fc1	45/fa/45fa4af1cdb8ca25cc029fbada0a8fc1.docx	招商话术.docx
13500	docx	20274	f5c69ac7426dda25d102b71a9b18a5aa	f5/c6/f5c69ac7426dda25d102b71a9b18a5aa.docx	2018年度羽柏美业招商话术.docx
13501	docx	14439	ccae8a3ce123023dc3584ee83874aac8	cc/ae/ccae8a3ce123023dc3584ee83874aac8.docx	具体操作方式.docx
13502	docx	22718	2891558f6aa1a7d42df0f464e0ae00b2	28/91/2891558f6aa1a7d42df0f464e0ae00b2.docx	招商话术.docx
13503	docx	13817	666adfb79c4881a1fcaa2e034359b887	66/6a/666adfb79c4881a1fcaa2e034359b887.docx	话术.docx
13504	docx	8945	62a9e369c12b01495a3c7dc9bfa6f5dc	62/a9/62a9e369c12b01495a3c7dc9bfa6f5dc.docx	赚得宝解答话术.docx
13505	docx	1442293	6389bf54550b81d2e4973708fa2a7c5f	63/89/6389bf54550b81d2e4973708fa2a7c5f.docx	赚得宝邀约话术.docx
13506	doc	33280	e50689c72a67175c3c3d1e0ad49977f1	e5/06/e50689c72a67175c3c3d1e0ad49977f1.doc	邀约话术.doc
13507	docx	14946	2f2dd835d4b8c3590b541231e7fb2c01	2f/2d/2f2dd835d4b8c3590b541231e7fb2c01.docx	文档.docx
13508	docx	22334	4f0207c86fd20e3c5f31dec9507345c5	4f/02/4f0207c86fd20e3c5f31dec9507345c5.docx	新亚捷招商话术.docx
13509	docx	16832	e7019785360f591e83e2cb9540d3fec1	e7/01/e7019785360f591e83e2cb9540d3fec1.docx	新建 Microsoft Word 文档.docx
13510	docx	15721	d8bdd3b3e0fdeb425616a015b3869e9b	d8/bd/d8bdd3b3e0fdeb425616a015b3869e9b.docx	束颜芳邀约老店家话术.docx
13511	doc	28160	7cd52e3ab004299adbae2074bc58815a	7c/d5/7cd52e3ab004299adbae2074bc58815a.doc	杭州招商会.doc
13512	docx	12811	01fa76e7d7e4a7842efdc67f8b5d1897	01/fa/01fa76e7d7e4a7842efdc67f8b5d1897.docx	母婴.docx
13513	docx	22240	22866c097887dd642ac8f9ab1fae1bb3	22/86/22866c097887dd642ac8f9ab1fae1bb3.docx	江西阳光丽人招商话术.docx
13514	docx	23153	643646a27471211968895350673ac39a	64/36/643646a27471211968895350673ac39a.docx	河北容胜招商话术.docx
13515	docx	22370	9fd722c8344aa9e1d440e5511ca2b6de	9f/d7/9fd722c8344aa9e1d440e5511ca2b6de.docx	泽十字招商话术.docx
13516	docx	11740	d05b7912471449d062573dcbc6e130ea	d0/5b/d05b7912471449d062573dcbc6e130ea.docx	海天诚新话术.docx
13517	doc	43008	fa833f243c0a654ebe229d17e05ed9bc	fa/83/fa833f243c0a654ebe229d17e05ed9bc.doc	紫金兰招商话术.doc
13518	docx	19043	1d707ab0cf439cf53429f26ec4dbfb8e	1d/70/1d707ab0cf439cf53429f26ec4dbfb8e.docx	聚人回访话术.docx
13519	docx	23066	763d06b9c02baea79d1347cf2b480d9b	76/3d/763d06b9c02baea79d1347cf2b480d9b.docx	聚人邀约话术 (已自动恢复).docx
13520	docx	22528	79dd69c4c0827c11dd3fac18ca3a1019	79/dd/79dd69c4c0827c11dd3fac18ca3a1019.docx	聚人邀约话术.docx
13521	docx	12670	f3080bbcff00d8788b42d96f2d3c47cd	f3/08/f3080bbcff00d8788b42d96f2d3c47cd.docx	谈单话术.docx
13522	docx	15035	5aebffc993d8419116f014418e61ae85	5a/eb/5aebffc993d8419116f014418e61ae85.docx	贵阳鑫达美业产品邀约话术.docx
13523	doc	25088	09ef12938a636cb43caa77c09b6573c6	09/ef/09ef12938a636cb43caa77c09b6573c6.doc	邦海美业(2).doc
13524	docx	22432	4ff3795d4024d810824767c7e9ea5fca	4f/f3/4ff3795d4024d810824767c7e9ea5fca.docx	韵洁招商话术.docx
13525	docx	17313	5ffbc519501fd22dd7bcf401e0fb0dc8	5f/fb/5ffbc519501fd22dd7bcf401e0fb0dc8.docx	鸣客天下回访话术.docx
13526	docx	15844	3896dc97b89adbdb5059da3fec50567e	38/96/3896dc97b89adbdb5059da3fec50567e.docx	2022合益顾问管理邀约话术.docx
13527	docx	15749	c1a09f0b6b077afb706acc3e5bc63bfe	c1/a0/c1a09f0b6b077afb706acc3e5bc63bfe.docx	2022聘婷第一遍电话邀约话术.docx
13528	docx	162	dc3404bf7739531a4496e312b26be6cf	dc/34/dc3404bf7739531a4496e312b26be6cf.doc	~$可可回访话术纲要(1).docx
13529	docx	162	dc3404bf7739531a4496e312b26be6cf	dc/34/dc3404bf7739531a4496e312b26be6cf.doc	~$微信发送资料.docx
13530	docx	14419	746680ce4307ab27a1a07db2c74281b0	74/66/746680ce4307ab27a1a07db2c74281b0.docx	博淼回访话术纲要(1).docx
13531	docx	14086	43d34a45e594da7208d8bc65a6ad0a71	43/d3/43d34a45e594da7208d8bc65a6ad0a71.docx	博淼美业老店邀约话术.docx
13532	docx	24801	ecc39e87e5de0fad76d4aa9bc473ce31	ec/c3/ecc39e87e5de0fad76d4aa9bc473ce31.docx	博淼邀约话术(1)(4)(1)(1).docx
13533	docx	21529	321b33274cd91612c437505b2ee144fd	32/1b/321b33274cd91612c437505b2ee144fd.docx	合益顾问管理微信沟通话术(1)(4)(1)(1).docx
13534	docx	22979	712f82085024cef0680d2aa3e62e1f4c	71/2f/712f82085024cef0680d2aa3e62e1f4c.docx	地级极速邀约模板仅供参考.docx
13535	docx	16066	dbf44e1759e2dc534b1f920833e934e3	db/f4/dbf44e1759e2dc534b1f920833e934e3.docx	天使久久回访话术.docx
13536	docx	15077	410ac6d434a0343e106fd227848d9771	41/0a/410ac6d434a0343e106fd227848d9771.docx	恩馨回访电话.docx
13537	docx	13146	9bef0f37f3c7f0e4536b02ec2c09b32b	9b/ef/9bef0f37f3c7f0e4536b02ec2c09b32b.docx	恩馨微信发送资料.docx
13538	docx	127491	07b57f2e343ddffeebfa9e22037b2cfc	07/b5/07b57f2e343ddffeebfa9e22037b2cfc.docx	户外活动申请.docx
13539	docx	14138	efb8952b3ad4bd4f9cb32393ab9e0f9a	ef/b8/efb8952b3ad4bd4f9cb32393ab9e0f9a.docx	户外路演 合作协议.docx
13540	docx	11841	a10b68d63ec9e83901a5fe460f821d50	a1/0b/a10b68d63ec9e83901a5fe460f821d50.docx	老资源参考销售话术.docx
13541	docx	14353	f92771b19bd3a6659a4ceefc87c72d43	f9/27/f92771b19bd3a6659a4ceefc87c72d43.docx	聘婷回访话术纲要(1).docx
13542	docx	13292	0902aeb4f2580452708fb3691e8b155c	09/02/0902aeb4f2580452708fb3691e8b155c.docx	聘婷美丽汇轻医美专业知识.docx
13543	docx	21372	c98da5df16b7d4f4f11cb704caa30eb1	c9/8d/c98da5df16b7d4f4f11cb704caa30eb1.docx	聚人微信课堂课件.docx
13544	docx	15244	69ac341ce116336f665ce4314493ac20	69/ac/69ac341ce116336f665ce4314493ac20.docx	芮其可可回访话术纲要(1).docx
13545	docx	12757	915647f337db5797654a0d17b1dd14e8	91/56/915647f337db5797654a0d17b1dd14e8.docx	98卡铺垫审核表.docx
13546	docx	34867	41d7972a70f02b40cef9b321930d9403	41/d7/41d7972a70f02b40cef9b321930d9403.docx	全国会邀约方案.docx
13547	docx	22115	62d9c761cb95e7387c3082922444086c	62/d9/62d9c761cb95e7387c3082922444086c.docx	售后服务跟踪表.docx
13548	docx	13199	4c8f050db05fe0f520a5a517a083ee41	4c/8f/4c8f050db05fe0f520a5a517a083ee41.docx	百到筋骨堂10月分工作安排如下.docx
13549	docx	13737	dc00637bbcd3ce65ddceae9e5a2f5082	dc/00/dc00637bbcd3ce65ddceae9e5a2f5082.docx	百道5月16-17号目标套盒挑战书.docx
13550	docx	14717	636522c6d9851df82c389f5b2174a21e	63/65/636522c6d9851df82c389f5b2174a21e.docx	百道品牌小组人员店家划分.docx
13551	doc	35328	a437dbe20eae63ea4833be70598f0b5f	a4/37/a437dbe20eae63ea4833be70598f0b5f.doc	百道新店启动流程.doc
13552	doc	33792	53d2a5062ed807bae42b4489686bef7c	53/d2/53d2a5062ed807bae42b4489686bef7c.doc	专家需求确认单模板.doc
13553	doc	30720	38287a78c4bb52085730ee9770b3e06d	38/28/38287a78c4bb52085730ee9770b3e06d.doc	沙龙会会务岗位人员职责明细.doc
13554	doc	28672	4a13c741be12be667a86cd85168a334b	4a/13/4a13c741be12be667a86cd85168a334b.doc	沙龙会筹备教案.doc
13555	pdf	536751	55cc2221903a1dfddb55941f79ba8616	55/cc/55cc2221903a1dfddb55941f79ba8616.pdf	百道产品特点.pdf
13556	pdf	4304608	4b97389a35cae8b8fa629bf5b2c1c66a	4b/97/4b97389a35cae8b8fa629bf5b2c1c66a.pdf	百道品牌文化.pdf
13557	doc	44032	0b34efee3f8517c5d5def9bd117bf8ba	0b/34/0b34efee3f8517c5d5def9bd117bf8ba.doc	百道新品产品架构.doc
13558	docx	13893	33a8d23667606cfd6189487c13f53cd5	33/a8/33a8d23667606cfd6189487c13f53cd5.docx	百道筋骨堂坐诊会邀约话术及邀约短信.docx
13559	doc	26112	28f057ae055ed77c9c35031c1d8903a8	28/f0/28f057ae055ed77c9c35031c1d8903a8.doc	百道筋骨堂新店启动.doc
13560	pdf	818980	12c51a77adf0fb8807176c0071376ff9	12/c5/12c51a77adf0fb8807176c0071376ff9.pdf	盈.pdf
13561	docx	17277	10c485bf4716aca34d62c32127aa26db	10/c4/10c485bf4716aca34d62c32127aa26db.docx	百道筋骨堂2017年度规划.docx
13562	docx	15526	bbe831b42557e3f1d5d6ff6dfc96eaed	bb/e8/bbe831b42557e3f1d5d6ff6dfc96eaed.docx	3月20号会议流程.docx
13563	doc	35840	62b5039033499c08d37ad09955e68c1f	62/b5/62b5039033499c08d37ad09955e68c1f.doc	会议人员安排.doc
13564	docx	35134	1a4ccf60658476d9604acf4eed3dae31	1a/4c/1a4ccf60658476d9604acf4eed3dae31.docx	夏季特惠12.98万政策.docx
13565	docx	36283	df72cc181f7932842fa7f64a302103ef	df/72/df72cc181f7932842fa7f64a302103ef.docx	夏季特惠2.98万方案(1).docx
13566	docx	34968	953fd0ba4ae747f527bb488ae6821590	95/3f/953fd0ba4ae747f527bb488ae6821590.docx	夏季特惠3.98万政策.docx
13567	docx	35056	112a066442887f9078329dd84e319327	11/2a/112a066442887f9078329dd84e319327.docx	夏季特惠6.98万政策.docx
13568	docx	35537	dcff57ee66f3eab1a7b09237ec40f9f1	dc/ff/dcff57ee66f3eab1a7b09237ec40f9f1.docx	百道筋骨堂12.98万财富政策.docx
13569	docx	35439	c3f234de416ed58185f9213b6889a2ab	c3/f2/c3f234de416ed58185f9213b6889a2ab.docx	百道筋骨堂3.98万财富政策.docx
13570	docx	35473	6e6de8fa65c5484644698c9a3c921a84	6e/6d/6e6de8fa65c5484644698c9a3c921a84.docx	百道筋骨堂6.98万财富政策.docx
13571	docx	32558	12b302018f88fbb61b1bfb290cbc029f	12/b3/12b302018f88fbb61b1bfb290cbc029f.docx	肝胆秒杀政策.docx
13572	docx	15219	0e71d19426065b5bad86a9745a9eca8f	0e/71/0e71d19426065b5bad86a9745a9eca8f.docx	会议流程及工作安排.docx
13573	docx	16845	a149c89cfab64a4ab9cc01dd0ec9c401	a1/49/a149c89cfab64a4ab9cc01dd0ec9c401.docx	鑫妍国际方案.docx
13576	docx	11731	9117a2e138e42967e3603d30cc57b1b2	91/17/9117a2e138e42967e3603d30cc57b1b2.docx	团购电话预约话术.docx
13577	docx	13503	319e5c19aea1f672999045db674dc2bf	31/9e/319e5c19aea1f672999045db674dc2bf.docx	本地团购操作步骤.docx
13578	docx	14916	d48990325cb910f5de228d9478f6bc6c	d4/89/d48990325cb910f5de228d9478f6bc6c.docx	本地生活服务六大项目.docx
13579	docx	333857	67226da24c30b41632b7439bc698f356	67/22/67226da24c30b41632b7439bc698f356.docx	交付话术流程.docx
13580	docx	12574	4926e1a03a4afa4261c17f0164e21cbe	49/26/4926e1a03a4afa4261c17f0164e21cbe.docx	2023年终总结.docx
13581	docx	10394	cd4c9e7698effea919b340c5a435ea4b	cd/4c/cd4c9e7698effea919b340c5a435ea4b.docx	一月工作梳理.docx
13582	docx	3624907	d4545d79869b7de23b14462092d7d458	d4/54/d4545d79869b7de23b14462092d7d458.docx	公众号小红书整理.docx
13583	docx	10884	47009a0c8dbcee0ff096379d3d3dd92d	47/00/47009a0c8dbcee0ff096379d3d3dd92d.docx	我与公司的故事.docx
13584	docx	11347	ffbb64b46fe20e8ce4885080b17e652d	ff/bb/ffbb64b46fe20e8ce4885080b17e652d.docx	销售培训课程心得体会-陶金.docx
13585	docx	11172	a263299c84608bcc75f0edd834ea4d99	a2/63/a263299c84608bcc75f0edd834ea4d99.docx	销售能力增长课程总结.docx
13586	docx	10864	7005096d05569a8eaa75457d71f305da	70/05/7005096d05569a8eaa75457d71f305da.docx	王总IP脚本.docx
13587	docx	940279	ab3c1b0667b4af88dcce9debf2dfa01b	ab/3c/ab3c1b0667b4af88dcce9debf2dfa01b.docx	直播间背景对标.docx
13588	docx	2039707	43decfb2ff244f98720b5f0c613b1513	43/de/43decfb2ff244f98720b5f0c613b1513.docx	直播间背景设计3.12.docx
13589	docx	1707314	dcec077b1ebd5da57efc83064ba8a48d	dc/ec/dcec077b1ebd5da57efc83064ba8a48d.docx	直播间背景设计3.6.docx
13590	docx	146589	b9776ac8d6cf06eb1857d2fd22f080d0	b9/77/b9776ac8d6cf06eb1857d2fd22f080d0.docx	直播间背景设计文案.docx
13591	docx	12789	874a7d773cebd1e65a0772a24dc8fe16	87/4a/874a7d773cebd1e65a0772a24dc8fe16.docx	通用直播话术.docx
13592	docx	14674	eee15331309c7044ccfe14db39d89b30	ee/e1/eee15331309c7044ccfe14db39d89b30.docx	好评邀约话术.docx
13905	docx	4096	25b1ebcc4158c05de0020465db056699	25/b1/25b1ebcc4158c05de0020465db056699.docx	._推文2：华世王镞引爆新消美学习会议在昆明圆满落幕.docx
14074	docx	218	8ac61cd166741571588cdcef77c34c2f	8a/c6/8ac61cd166741571588cdcef77c34c2f.docx	._女性调理美容顾问咨询话术.docx
14109	docx	274	f6865726853d66dd28cbf26711556819	f6/86/f6865726853d66dd28cbf26711556819.docx	._艾灸美容销售100问话术.docx
14111	docx	235	0ebac5bf6653614844f7723be5a35555	0e/ba/0ebac5bf6653614844f7723be5a35555.docx	._11前台接待员.docx
14691	docx	274	c360e4f8adfcd84e985c3539e7649686	c3/60/c360e4f8adfcd84e985c3539e7649686.docx	._黑头相关专业话术4.docx
15221	docx	274	803547e96d906004a3be471489545f6d	80/35/803547e96d906004a3be471489545f6d.docx	._肝胆销售话术4.docx
15315	docx	274	6c9030e8dc551b288ef3a29c7ff20864	6c/90/6c9030e8dc551b288ef3a29c7ff20864.docx	._八大筋络话术.docx
15326	docx	274	253e0121f14583fa7030fd53354b3694	25/3e/253e0121f14583fa7030fd53354b3694.docx	._皮肤敏感中医问答.docx
15332	docx	218	8ac61cd166741571588cdcef77c34c2f	8a/c6/8ac61cd166741571588cdcef77c34c2f.docx	._经络引导话术.docx
15335	docx	274	2d0e45690d51734fd1ae22b2c3d4ff87	2d/0e/2d0e45690d51734fd1ae22b2c3d4ff87.docx	._赞美顾客话术.docx
15338	docx	274	480aae5619d1e078b818797b83ac410b	48/0a/480aae5619d1e078b818797b83ac410b.docx	._黑眼圈相关专业话术7.docx
15380	docx	274	4e2b7c30db0043d8109c379e7a1dd82b	4e/2b/4e2b7c30db0043d8109c379e7a1dd82b.docx	._各类活动话术9.docx
15665	docx	4096	1f12e9c6dbc74b2b5d07be39822fa38c	1f/12/1f12e9c6dbc74b2b5d07be39822fa38c.docx	._推文1：华世王镞引爆新消美生态门店驱动系统学习会议今日盛大启幕.docx
15916	docx	218	a9be271173af0ce1a5e633bdcb13580c	a9/be/a9be271173af0ce1a5e633bdcb13580c.docx	._纤体瘦身话术.docx
15929	docx	218	8ac61cd166741571588cdcef77c34c2f	8a/c6/8ac61cd166741571588cdcef77c34c2f.docx	._睡眠话术.docx
